-- MySQL dump 10.13  Distrib 8.0.12, for Win64 (x86_64)
--
-- Host: 127.0.0.1    Database: shopapp
-- ------------------------------------------------------
-- Server version	8.0.12

/*!40101 SET @OLD_CHARACTER_SET_CLIENT=@@CHARACTER_SET_CLIENT */;
/*!40101 SET @OLD_CHARACTER_SET_RESULTS=@@CHARACTER_SET_RESULTS */;
/*!40101 SET @OLD_COLLATION_CONNECTION=@@COLLATION_CONNECTION */;
 SET NAMES utf8 ;
/*!40103 SET @OLD_TIME_ZONE=@@TIME_ZONE */;
/*!40103 SET TIME_ZONE='+00:00' */;
/*!40014 SET @OLD_UNIQUE_CHECKS=@@UNIQUE_CHECKS, UNIQUE_CHECKS=0 */;
/*!40014 SET @OLD_FOREIGN_KEY_CHECKS=@@FOREIGN_KEY_CHECKS, FOREIGN_KEY_CHECKS=0 */;
/*!40101 SET @OLD_SQL_MODE=@@SQL_MODE, SQL_MODE='NO_AUTO_VALUE_ON_ZERO' */;
/*!40111 SET @OLD_SQL_NOTES=@@SQL_NOTES, SQL_NOTES=0 */;

--
-- Table structure for table `admin`
--

DROP TABLE IF EXISTS `admin`;
/*!40101 SET @saved_cs_client     = @@character_set_client */;
 SET character_set_client = utf8mb4 ;
CREATE TABLE `admin` (
  `id` int(11) NOT NULL AUTO_INCREMENT,
  `date` datetime DEFAULT NULL,
  `email` varchar(255) COLLATE utf8_polish_ci DEFAULT NULL,
  `firstName` varchar(255) COLLATE utf8_polish_ci DEFAULT NULL,
  `lastName` varchar(255) COLLATE utf8_polish_ci DEFAULT NULL,
  `admin_id` int(11) DEFAULT NULL,
  `user_id` int(11) DEFAULT NULL,
  `phoneNo` varchar(255) COLLATE utf8_polish_ci DEFAULT NULL,
  PRIMARY KEY (`id`),
  KEY `FK647fan4nao7ly35dr39w9oy92` (`admin_id`),
  KEY `FKhakcpcu4n98l346rmmh5ftfr4` (`user_id`),
  CONSTRAINT `FK647fan4nao7ly35dr39w9oy92` FOREIGN KEY (`admin_id`) REFERENCES `admin` (`id`),
  CONSTRAINT `FKhakcpcu4n98l346rmmh5ftfr4` FOREIGN KEY (`user_id`) REFERENCES `user` (`id`)
) ENGINE=InnoDB AUTO_INCREMENT=3 DEFAULT CHARSET=utf8 COLLATE=utf8_polish_ci;
/*!40101 SET character_set_client = @saved_cs_client */;

--
-- Dumping data for table `admin`
--

LOCK TABLES `admin` WRITE;
/*!40000 ALTER TABLE `admin` DISABLE KEYS */;
INSERT INTO `admin` VALUES (1,'2018-12-08 14:07:17','admin@gmail.com','Janusz','Poznański',1,2,'123456789'),(2,'2018-12-08 14:07:41','becia@gmail.com','Beata','Katowicka',NULL,9,'951357258');
/*!40000 ALTER TABLE `admin` ENABLE KEYS */;
UNLOCK TABLES;

--
-- Table structure for table `basket`
--

DROP TABLE IF EXISTS `basket`;
/*!40101 SET @saved_cs_client     = @@character_set_client */;
 SET character_set_client = utf8mb4 ;
CREATE TABLE `basket` (
  `id` int(11) NOT NULL AUTO_INCREMENT,
  `quantity` int(11) NOT NULL,
  `customer_id` int(11) DEFAULT NULL,
  `product_id` int(11) DEFAULT NULL,
  PRIMARY KEY (`id`),
  KEY `FKjqa47abqhho4519s2s2o4jnnp` (`customer_id`),
  KEY `FKaxwj6cocns2t7tojbb70wp37i` (`product_id`),
  CONSTRAINT `FKaxwj6cocns2t7tojbb70wp37i` FOREIGN KEY (`product_id`) REFERENCES `product` (`id`),
  CONSTRAINT `FKjqa47abqhho4519s2s2o4jnnp` FOREIGN KEY (`customer_id`) REFERENCES `customer` (`id`)
) ENGINE=InnoDB DEFAULT CHARSET=utf8 COLLATE=utf8_polish_ci;
/*!40101 SET character_set_client = @saved_cs_client */;

--
-- Dumping data for table `basket`
--

LOCK TABLES `basket` WRITE;
/*!40000 ALTER TABLE `basket` DISABLE KEYS */;
/*!40000 ALTER TABLE `basket` ENABLE KEYS */;
UNLOCK TABLES;

--
-- Table structure for table `category`
--

DROP TABLE IF EXISTS `category`;
/*!40101 SET @saved_cs_client     = @@character_set_client */;
 SET character_set_client = utf8mb4 ;
CREATE TABLE `category` (
  `id` int(11) NOT NULL AUTO_INCREMENT,
  `name` varchar(255) COLLATE utf8_polish_ci DEFAULT NULL,
  `categoryImage` longblob,
  `dateTime` datetime DEFAULT NULL,
  `op_id` int(11) DEFAULT NULL,
  `base64Image` varchar(255) COLLATE utf8_polish_ci DEFAULT NULL,
  PRIMARY KEY (`id`),
  KEY `FKflqkkhnggquipt7b7xiaw0sv4` (`op_id`),
  CONSTRAINT `FKflqkkhnggquipt7b7xiaw0sv4` FOREIGN KEY (`op_id`) REFERENCES `operator` (`id`)
) ENGINE=InnoDB AUTO_INCREMENT=32 DEFAULT CHARSET=utf8 COLLATE=utf8_polish_ci;
/*!40101 SET character_set_client = @saved_cs_client */;

--
-- Dumping data for table `category`
--

LOCK TABLES `category` WRITE;
/*!40000 ALTER TABLE `category` DISABLE KEYS */;
INSERT INTO `category` VALUES (23,'Wybierz kategorię',NULL,NULL,NULL,NULL),(24,'Płyty główne',_binary '\\\0JFIF\0\0\0\0\0\0\\0\0	( \Z%!1!%)+...\"383-7(-.+\n\n\n\r\Z/% %+0----+----/-+-------/-+---------0--++---+--/0--/+\0\0\"\0\\0\0\0\0\0\0\0\0\0\0\0\0\0\0\\0E\0\0\0\0\0!1A\"Qaq2\BRSr3Cb\#\\$T\\0\Z\0\0\0\0\0\0\0\0\0\0\0\0\\0.\0\0\0\0\0\0\0!1AQ\"aq\2\\\0\0\0?\0\"\"\0\" \"\"\0uQv`f\K\zY\)gqϺ\rO$\\0K\/V\0Z\\YU\5J:x\\xx\}tpzN\'9Vꙶ!&ߑ:k\:\&2U\rM\)\o\"\"\0\" \"\"\0\" \"\"\0\" \"\"\0G\\6Q;\0$\M\"cQph\Q\n\v\\z)\0\q\0\n2\Weby6O\Z\*{F\\o\"\Qnz\5\T\'_\D,t\"\$*Ke:.\nV\~5:\&c\m\n\#o򴟇v*UAu\I*U\r\5Qb-O6|5\M7*ˠamEΌC\K\07n\\ЏRd$\Z\ZoPt~2\0\\0Oiq\\b1v^N6Κ\\\\'g><\<V\Z:I\\0Yt/OO٨\n DI DDD@\0DDD@\0DDD@\03\ߤlhQu\.@?ҠyZ}5\I\X\\k\\,q`H\;\oAX,^^z\Re!.UM\r3ȋxH\G zͮJv\[`} \\-W^]\ָ\㮞P\o\\X&ޤYJPl\\km\׷δl`\!\\;\I\A\\M\\o|\\Z\\n-\m\:=-.\+k\\K~HUpcb\i\N\\\@5el\ٿ;\ޓ\ol]J\lqY\u0e\i{\\(S宿\=\:Vn\۸\Zm}}dǧ\D\" \"\"\0\" \"\"\0\" \"\"\0./\i2k\O[]\pl\i\>3\xw	T\bjYFd\M][3\1|9	qnF\\0\[\\\ڐF\0d-\{\IѳUW(B4_\87j5{\nlm[\vX/e-=]2$X\\\\\{Iesf3v\0\\Apלx4\s\\ZڃBo2P\\n\0@t \[\\\lMPZ\n-v\\0t\n\|5&J\6K*\kG}?I^\zYmm9\iG4(Iʘ\XO>xsR\݅f55\)S\\\ю+⒍K\:\r\5$/y\e\\nj\F~Z\onM6DK\"\"\0\" \"\"\0\" \"Z\i\3Y2\r\b-./8\\wZ\U{zMƞ|\á{y\i\\\\n4HMI\Z\eP>镜m#`q5\\SSb\\4\0U\T}\n=#T]_ٽ\]G!\ \0\0:[\\㸋|\:\յP\\gJ|\\\#/\\r\\?\Օ\ܡ\\zUZl,\ω\0:RO\u\\\0\1\&\0U۩rOi\|\\\\0[ms]\\\"\u \\ET<\0\;*UAq9.tD\\\f)X\"\"\0\" \"\"\0%	ڬ,\\%\ f\]iB`	i\\0.v\\\RA6\k\mfN\\-1jyov\r\ճ09\\'n\؝|֞sHh;c\2g3\#N%^\\0W_Ѿ3\qK.\X\y\co{\q(&^Ia\j+*\nl2TB-\0\ c}\\\|G\r	P\rV\u\\\\jkp5e\*\\g\\\\#.NUNZ\\:?\3tTf#jU#A\7\"܀$}ǆJt\KZ\\&\\V^Y%NnKߧ\?̌tU, \LT\r\^H&^]!\[x^I\0\" \"\"\0\" j*[*\k\ck_{s΄r,{]\ǌ\hҒPRe\\Z|\+\ \*\S{Yzޣ\\'SNS\^+=\J+\0\0T\\ڿRrK\r:zQ^?u$\\\nf̧mot\8f\n/2B\?sYivi♔gaqK\r4*e\;\72=eO\2f=\\2-|_m+\\0no3]5\\\"_3\0[nd6J]\\[i\\=euWCuap{\\)\\^Tu,Kr&e:	r~ȂL\\|\d\\_.|Y@\IOq2H\A4;:ר\\u6\(<tQ(\ZV\0\" \"\"\P\\\,!-\%cC\Vn\\\%,VvF2fE\R\Z\\i`,|\i:e\[\r٫_\جa{v샵sU\^ʚ\00<ͽ|&H/aHo6Ŕ\ZOTv-y\"\k\;Yh~~a@0XÇE6F\tcc\E\^\r4\2Iu\dۯF2\įȣY}s\>GᬱFj\%\\w\\_׼\$\\Ā,5?\rd*D9k\\{H\۫.\\\\\v=@A\\\llt\\va\&adR\POjKsϳT\Jc*A×/A)\\礴|Qݤ(6A|YbƠ\WNsP\rv\\?\IӃ2,\\\\\\[o\\2v\Q\TKˠPH&UdF2\hVҰD@\0xP6/\0\ޑ&\)m\	6xr\5% Z<\ܙ\a	LSRo\\\\;JZآZ/N\\/\\'~\Ӕ\Ն`\r6\0^\\"vY\\vdR-KC.\o^mJ\\2\\7a\\O,\h׌\\c\\q\Qm}-BA:~.#E\;n\7죘9\\ZEQKX\ݭ\+\r=6~\c<\<\Z\Z[\Z\D\`\j-;N}a\	4\\\Y\2)E^\6P.\{VkHi\wFu,E\\0\\\%R \\v(\\)E`\]\r\߿7A+Sơ0S\)Ù>\6pS\\ÿ\g9Gժ֦4\\e0G|\mX\\\<&ںqݿO\\\\>&[Uŭ!\Ś\0\"\EhRd`\\[\p\\^\I\\\G\i獏5h\\Es\\0s\\0m\1\zWSr>/ayBd6{o\a(f?UNvg>Oi,(c5OС\\"\\\06>sHxLZ\0S?]B\ܨm\\i\x?@TaVc6\l<\[f1oFoN\0\9G}&ө]h61)\2	9o\G?)352=$f \\\8\0#E\@)]KT*\\ou\eUɦEt{Pk\re	\{aT6Uȷk؛\\l?ҝ+v\ψ@\Atny=+S&O>\\H*l\Mƶ;7\\^?9IrOK61{\\\*V%/\rx/\Wя\ \'޿9#,16\o0\\(\i\Z\\I<\	wSB\\\t\Zi\ J[1C5<MMjn	]Λ	K\۬\͔`Tki\n\R\R\+\\M\nֶhng~b\\\l-7Jo^K\kU7Qg\\0\4\\J\'\}K1~Q\aCI!ƾ2eZUt\"\U#2+b\"GY:\gfX)\k\"z/J\\^-ZtpN\\p,4V\\~bX\M~D\] \Y*2i\#\B\\0U&2\l>3U\ңT#R25P.`Fe\\[n\0\5c^\\S\\BD\[\vV\\\\0\\a\^\]\\gG1T\\Tze0!K2Z\\G\\954p.;z\9H8jUA=Z[\o\)pzUfS\+x~7=\ZKp\D\xӨ\f\n\\!8n7s\^0 ly\|Wԭ1IF\0hkn9i\1\\\\.\05_12\\Tj\f.8-7\/\2.2:e4kh1\Z\'\`֨u]&{@$7\\K\Ə?UP\.NS\jlK.\Z\\rJ\\8|^#\؊\`mQk\5k{;y\\\\Q#5hֶ\oA\kﳓx/\I\:\\-Az\/u\\\i_b\\)|;\=b\em@ M%\.X3UU\0V6\\U\L%߱p\rO!\VH\CRÚ\ \K_.hg1^\"\uk\7\WI\b)8.5\r[\"aqsmgtҥ^\\\rUcK&90\ZernU_ϧ\'t:q\\\ܚB9\0\\3.\^\`)\!\1\r^\*kU7\7\I\M!XbSq\kWh&\\\㲁J\,4\#\0ˏ\6N\Z%\2b\1e\%Y/fӑ\\i\`	YY \\j\ĳ\ц\"e\\K~Q\2N+\\I\rҢh|\_OQNlU̦&*5#\\i4|S8gF4\n{!X_17\ez\+n\2\)a\s\\FVGa\6zOED|2.P5fE\.Ak\\\\M_\\\J	sdo\[;\\\c-/x\\hѭO\tQ\\r<\l\\\m$\\4;8\\o\\rN\ѴT\Y\ _C%/\;\?\MY\rm2]K9L\\\\Z{W\0\K\09I\0ی7\V_D\\G#\b%\2 \")5C\\S\n\\\8lElJ\j^ e9\_\7]0\Ve\\\K\R/aSLCZ>UN޹\+չK\6#iӬo\\5\\nL/u=i\\](j5֭k\oO*{[:\u͹ͧM\*Օɹ*r\\n\-o\X*~V+vT\rlC0\{_Q.s\'%\gQ\^+zACarE\G\q\96/cj-l@|\;kL\\u4\]x[K*P\\˖\@\0 P4A\}gQҎ=\aj\멜\70\j9J9&Z3\yѷi\\\\i܇U\0$|M3sz\\J;@SrxqM[\\ӣ^&\0Ԧ\\\)k\0m\Oh\\`S1\K)\=\3\\.R2*lO3y\kI֫\"\\G\MWB\j+H!Z\b\N~XƨPn;\0mr5\)WF1}\{Ҝ\7u\Z*Ejd(ZFt#]ͺcҍ\nUVTb\V):\Z\\\ 7O\Z\Ԧ4\Vm\\6U\o\(\R\Ѥ@s3X! Fr:\r\\$5\%jUi4\\C\f\\8w̽wFQT^\\-\\F5QǯL6}#%\0Q0f\\Z\ԲqM0#06FiY\mu\G\msLXގ`\VJ\5S\"\\\\\↣5\H0P\P\\\Q\lek\@\˙E\Mw&W(\\\\\\.V\\Sz\@=\\W\,@\.zЃ%\g.mINky\ln&<\̥\\%;:\ËRŎomsٙf!1\k\\=Ҵ\aY\ԐJ\ш\CR\ \+c)WR\K:؂=LjRjZn\se\\E)\\)Gl\\JMX[K0\s7ӱzTJ#O\|AB#EխI\"S+\yUumJzL`\\\\#(\J>M\n\\\'[\\ZJRV\[u^_/#P ?Yu>c[\9tU(թ\\?e\n;V#\\\d\\nIYH̍)#\hUc/\"q\'ʹ\1&\\\\\r\'n\'0UnB~\x^\\6):+\"q\\nJ\r\c#~ח\V_0mB\\:cRp\'6\\\TIB:q\dMNH\ǽK)8U/O;13l};\\0\SD\\\_~$\F\`)TҚ?\"\$Q\/\0Z\SDH*x\Z\\Ka\z#ʍ?D]{\n\\\/§ >\(?\t>\\\'\V \G\i\Z|wQ(w\)_ة\B ݧ/\?dW\\0\\'\_\B\#\%E!\=\\"\\T,D]\0J^V \"\"K\\\"K\\H\"\"H?\','2018-11-25 21:40:23',2,NULL),(25,'Pamięci RAM',_binary '\\\0JFIF\0\0\0\0\0\0\\0\0	\Z\Z\Z\Z\Z\Z\Z\Z!( %!1!%)+../383,7(-.+\n\n\n\r-% %-----------------------------+--------------------\0\0M\"\0\\0\0\0\0\0\0\0\0\0\0\0\0\0\0\\0>\0\0!\01AQ\"aq2BR\#br\$3CS\\0\0\0\0\0\0\0\0\0\0\0\0\0\0\0\\0\'\0\0\0\0\0\0\0\0!1AQ2aq\"B\\\0\0\0?\0\uLb\E8ĳaqt\ \.6\I c\{q\s\"\X\0f*c\\a&ck\\Ts%O982.G\{\Egf?\4\n\}o\0q\\!(N1\\]{y~xvz	\+3\r\wĪ\(\\\\\f\\\\\N ή4e\rųY\U^Jo\UNfAcyJڼE@@n\6`\kE\\Z\4/Qt3U\\\\\4\+\ofr7/Q0ev\ }1\\MP~g	507iXSxI:i냲TB#\\p\\y|\K*Y\\\'\.S\\\|:\L:\\L$mY\ukʫ\2;\\\?P`\\zO\\p?\\\\n][Lfc,pZM	#7b=	\\\n_m\\4t\0\.:c֚\|\\'.]\\\\Q\0Rx\ؙ](eJTt0ϠǛʚgSȅf\E6\\l\`\0VU{.\"&\#%՞WVCѦ\9\ql	ٺ>\'trQ3\1\U>\wb˩:f$|.\|&̊\hwZ\0d9Y 8j~\\Tr5\5Q̐\\@\\\cy\iO f$I}ˉ3BW\5R@\ccq\F\+cNE$\"\\|Rd8qaSR|13\\BA3\'_[=H$ŭ7\002=g\,\z5Y!W blȊhc\Z\\Z|\0GU<J1a%\1\-\\ϙ\\aX^{EX\[\Zb.=4\GDU\\\N\|ʏ3\,1\1;\j\b\[M\inVC\8\3:gk㚜\\&c\J1YlR\T$z\vP}	\8	j[\b\/FwS\rE\c\\#&|\->(\\\4\4\ӥ\\)\at\}\\_B\\F\:c\E\\nƸ>ܽU.\'u%\\E)\0\\_\X¡nG\-\\r&`\O,1=;Q?\r\'\2D\ٖ=yjd\\\\XjF驽\0~Ȧ\\\G\\ʛJQn\Ƈ\0\\>\bsX\\ARp-ie\\Z\"lU>\(㊪.;\\\0o\,:{\s\E$c}S⌔w=?	\\8\U\'\MH*\'\+\05\,\XoĴxQ\\0+\*\\\\V\Z<\\&Q0Ij\|k\z:\ϤN\G\0,uZ\Zۍ-8MVp;\ؚ\\AR%>\M_\\i\6m-,/\wiG@T\\3\%\\`\-QbX\nL&~\g\ZMSQ:H\︌[u\&\#\|.\t؃6\'Ԉ͖R	\\'7$\Z\\\ \$|٦0/@\0\06\Vp\4\܆?U\rI\\\'q\\q]\nc\T>,\$76\'|X\瑪\Z`\rq&,y\ڪm[E\"I\m~X\MH\ࡃ\\e)Q;\w\ox$M\\id?,KO\'V٭\K+6=`G\VZ\}\'\e%B\\\U\9\\<)\\˙[Ɇ\plS\'\\Ż:U\Z-\.j0%H-I!\ads$\0FK0En\\l9+a\%rw ^qRn+	XAi -n\%\ZFӕ*@(\"بDD!5rxKS6Am\lSN+YX\\I<->\W\>\\\ru\r@29`D\\UWzlJk̉\ഊY!^\<C\nM\\ZU9Ф\'\焕2\&A\=\D;ף2h\\0ʟÓ\0}4a`\v2<\4v4.EVҟ\U\\1?\\Zf*,Lz\\0\\i3\\\9.s쿦\Z\x33:\	\0\Pb\	\\nևB6//\=:\R\\3L;tlB\}La\jlOeTϘ\=1拗_%uueU*6b#7F*\'090i\>\"G\ljI\\X\"Ts\N; u\\\#\0m\\S\u\0\"\yK`\[\`\|Q\WA5/Q\\\Z\p\,w\q)\\}\^\˜`6U.I\,q皞\y\\ml\c\yo\?S*\ڣx@?\0t-\~Vfҋn\,8z \iˮ\\<0]\R9G#\\0GiV\dې?#2\\LAy~q\1K\0\'OCm\\9Gd\V`\>\-F\i.\rߧ\\g\贼\Z>\6}	\}B\\ZzGyo#8\|\kHp<)j׏\pc騐$Vfy\|6bc\X	\'\\yc\\j\qN#Uv>-$ N\\'\\\"#\\n/f\j[-\}1\\\'MXx5>\nq8%r\\\Zi}-r]_d\Dy~\撪\5K\\~9,Xx\feW7V$M~4h=6\lL\Lrb\\܍D\"R)h\0ȟ\觕\\\hQ@2I\~g\;=\s@[K\rk\\\Z\$4\|*\%j\Jz+\\AG%[;F\Q\wق\*\olZD6=\MK\\,zL\0	M\=W\,Q\\҅aKM\i(	\nqpD\n\i!^=	\,\vz\*(\L4ӛH@\|&\i{&\\>#s\\UX{D82쳼C\N)Tzju6`F\EM\峔\=B>\\b\)\jjv\r1\zi\ڙDPP 2<\.ϡ/R4V%vX1}<\'7\w#ŭ4o\"\-@b9\0b\H\r&\Ѽ\ѪR*\zMYA$G\U\\n<RXxJ\q\ZgNH\\\\pF\6\0L*nH\\\\d3Ӎ@56\EA#6\`*JPʹ\\\al0\\b\Lߟ~\<\s(E\~`|evEv\[U\)\M\P2A>xwT3\v\\ib\4	\Z\\\D\3\UzȞ.\Ǉ\\YC^\WJ數\!b\0I>\A\ӌ/(lq~	[+Y\0\`\V\]\'\a\	C*3u\"v~gu\IQ]\\71\s쳳7H\'ïX#\o\SMj-YmpQTƐ,uD`S+1\nM\j\'wnQ7&)@b\0!\r%\ގj\WS1\n\݋\rRN\ ⟙\\R{Rm\K8\d@\"\gl0\/ve\儻|mxA\H\\z|+%*z\0:^Z\§r*\أ)Ci~[\J>UXS|{G\}\Zt|U]\0\\#lE\8\"Uj*-&\ũ\\Z=8jUWvY2<*@D-\\\\E;\\'2-<R\FN \		\\e\W@\1\\Z*y\"Mx	\95X\\\l(\T\\eU:\}\\pn5,A\'\\bdg;\\km\nn$BN\vX__\,oD0_#|\\F\\p-\\\\2\؂\0`L\UP5\ZV\ɤjIc\I\\\{w\wPH)\"\"\W\⡜\f)M%>W\\3h1PfW\"\J\$\;^\.\\!\|Eø$A-,\'p \\CW\*#UfF:IB\\o0\"$}u`R``%O\":\\s\CGHsP#y\\IPyD`1\VRj\>co@0\r\H+\r\G&\\t.`L\A2C\4YAX\44ٴ\1x\"\#\0GS>#\Ld|W}ϩk\\ZN\mXs\2\L<D ~<\\\0\r \xlu\\"2f\\aj\-LV50i\\\Z$O\4u\ܶY脯QEZuB{\bL$̵?\S\\0y1B@%q⸱\FPBj)\YdF7\Y2T\&\\\\\\7-ݱ^WS\(Avd*P\A	\\\0	\"\.)\'(\n\F2J2g|6$x\\^\I;\~,E3>с-*r@\(\\0G\Z\G&\\\ag\	DZə\0G\n\wy\fbC\;G!\\\kis\1*#+KS6BӾ$\MBR,\ ȋ\\06\Z;\_6څ@\\\p=Oj\w\ěPc~^xa\\\_Ab\|j\$W\~g\~RP\Ň;\`\\ZQ2#9\_G|<T\\0\\q\\0	)\?\?:s\`\\OV[R8ԍ{`\EQI\\\zOK25\\>F\\7E`,\eB0\D;^G\\0Q1\.Z\'@$A\0KIG3\0i]6Q3\L\n40dG\0\0 	G\a\\i>&\\ÙѵT\0BA`\alLy\Ze\8{t*\ZrT\\t\`\D\0P{_+Isp\w	c\`\\̣\ejVlD\$\4/t\s]*lΚ\0\rFny	`\0\v\+_hh\V\7x\\\0\H@xzԭN\~/~4\ԞZYO,z\\dH\\\M4eTzg8\\ZV\7&<\\\0\\Na͏OO\L+\\!	\Ԃa`L\Z\c\^{9\uWuV{\r\<_%\nmRG <\\o֛@417Y;9\e\vP\\So\ۮ\")̽:\[J\@yGm7\jN@\0.nJ{N,YQI\\\\\Vk:sՈܡ\\ytĥ@Eu\*h \g}}\O,-\}Zڴ\5\0mA+\HG)<K\Y=d\r\"\<R^\PQ\d\\\s=\\ܑ:a\2+EV\m=y\~TH/s;I>\\qa\#:\c;a\*ûA\E\}6?\\qTP	\7#Qk\1Ȓ\Z\\?\fVc\0\~\0A\?I\*J\AX\\-b=1\j$hdo\XyMV=~\yy#\\̟.L\"\9a\>H\0\HXŌyNWRD+ PH\\c~}p1\s\jM\\\LTDxc}͇\1\\~d\c։\#\\:nbI*\\\\UΣ1j\>7-@<T=A8Hf\"\\$\\\UlùpK.Wf(L\$\/z\n_P\nTI\\0,F\\rϋfEJcUFPRU	9\n:\7D`\ξKU+\D$\73~\0U\f8\k>g& \,LE\~\\\"\ru\\,G\\F!\\ĒO\ᇼ-*\$#	\h\nUjT\**ɋ\\K9E|5TL\\N\\\\d+5*(y&9^aVJ \9x0}\0v-:دп9\Z\`\M\y{H\Γ0T\0\\\o\l2\\sV\D\͙nm\8F\S%j,\djc\[lg\\H\O.(*.\\\Vf\nE0F\l \t;_rE\\qDX\;ɋ\ȤVQFD\l2\l\r>\L\"|A\#X\R\\f\\0xL4X]\'UX\06pgK\0K9ߧ|L5y5a8a33X3TAmf\\I\4/\nu^A\	\L\;\vK\A$s	\f)8P\D6$*[:WLr\\0R\[\\5Z$\U4$īj\ZExOhD\\\\0`䳸f?	\a\0\էP:\-@bW\\\\\:\m%;/K\M\n\rU\Z*\\#?\Zh\j5Gv\\\\\\6#ǱpJ5x[\`\M\\83@\gz\H\0O&\働\D\\xS8\\\f[x\^s[:,\W\YCz\q\Z6\Eu@`\0m\\\\p\E5Ǫf\0\ĝ$L3\r\'\\" Zq}y\\\\hf\ .\x\5;{\b\\}\\@(\Q\"><G\I\0a$\'\73;\wq\+\\\\\D\)\ZY\/nAzĵX7h\SDѧS\b.<\'(j\Z\\r\H}\\\\¦U:y\|=D\e8%z4\pҟ\\˩BǀnC\y*G4\\@\b\l\\>!ِT=~\:^a/\5jY\z\\\\zB$\\0\5\Jpg\ZOYゅcܽoEX]\\EDA~\\&\\	c%X\\nf2\\o\\>q\{\DaCc1\\\nhYH۠酙jL\\n\I\0\X\\\Hۧ\F9\-\0_\Ѩ-J{\}mǼ\\\^A\\" ./#q\^\܅\0+2TH\0\\}`\\`1\S\t\؏!M\rcJW\\0\'.\;;&Gq\:]\[\bL$Dn7)c\,BZfȃ\\\;a\G\d0=gu\LPT7k\;{b\\\ie	\|d\\D\ťIV\b\0&\y\\\rON\(\\r`S\n] o1<x劃Ivv8[\0Χ4\9\\1x\ʽ&T\Z\ZͶ\\*j\\3\¡&hkv\90hIVt\0\0\,uzi55u4\\Zl1\`:t#Sbk2D.,n@9\#.OKn5YI\n\	\_\\\xWc2m F\\\=@6!<;xG.pf\E\\0QE\-\#\n1mhd}\>\b͋lhO&#\?bZ\8kA\rpQ\Ŷ ̥jTESpgą@\|F>\\}A9z)@m S\\H\~pDe|Qx	\>sJTu$ I#\o\Z\n7if\\ȏ\,S\G[S\\01!T^F\"ee\A\ur\e}@D\=\0\'\>\KO35KTU(XW0OT\1r;&]w\\nDN@-:8Fc9NQ_\r&TBZ\n\L4\r\\p߅vږV\ʍT\"\B\\ZfXs\y\w\\ZѦ<I R\4g\\\3)#%\\\',#	q\!\ͥZ\YZT=6\TApq\0\*Ӥ;و0\V\\?,]\n)dX&LXb\P\TH$\L\\\;\\r;lE\\\fUi\\n\\\	T\\\\SY \(>/\*\\ĞQj\\[\\OゲlNJ$Ϯj\~V\024^\1\\Zf&F\\soShRE!\Z\\b\\064ٕ&\'\,#36\\BEi\\r<\\N35_a\">\?\\RJ\\/<t\\rx5:a$0rnO6o3\\Cz<=t\0m\\H0	f;\\ԌXxtQLxN~^\j>)o\'R&N*F61\|C1\\\\\\"\h⯈O^xf\RG?tX\;:A|}p\\09V8\(Ā\0!\\@O5Ea\ϗ\\0\R:V\y/ĵ\N\xt\Q\Bǩ\0<jmϞ~\q\4\Z~kOeɃ/\#0U@ HA\Z<\\6Ĵ,\C;M\n\\W\SH=\\)\'0\s>/Ou1.\8\Ԓ\\h\̀\;N&FznH\v]\HR@;\&C&A\s\T\ZjOd\h[\|\jJjp\@]\J\\\u5Z­T)\0E=\O\N\\\x^i L踲7\Xn]z\\Tc\m#\UAA\\Q\miOZg)iJ<\ci\\\/\Kj[\\́\0KlS\N{;}C\ ~XbTBo\\o	:\\1C`0&\.I#\\ZvԧKx\\Hi7 \ss\)*vK\	\Z!w\\|U\>ƭ\\7<\\ML\rP#,#\\\\\O<38kJrc\){\\@\D2yzgrVqnx;\jK[+i\\U,G=6L>Q\\a):D\\Im\f8f\a)\!C,\|1`\B-O+N6JH\5*UI\DamZV\\h$Xۧ,4Nc\\O\Sf Qݢ-ӯK\\?x\I,@\ŵr{¨&\0Lq[!N%A\\EFk*\0G\'\\\\"*\\S^0^[\\\EWԬ@<!&t\'b3u\\\\*4&F09\\pM4\)&蘫gk\b#O \0m\Jd\}\2Ha\\f( \``\ĉv(+\i\n\f`Cչ\'5Rxdv0A\F\	\Z\\NW<P\{}Ɉ\T\m&٠	\W\oO,S$䁭\?-젦5jF\Ň\\n%M\ߑ+k\\Bbc\O\yF\\ȶ\Z` \p\[:`0\r\[ų!Z9bV4話 @2fm>\\]l⟄xl	؄*\[\"F\\\H\\7F\rim\\\hŋ*\\Y\\\03nW\,}Ið\\\yQfV0.\0o\z\\\eQ.@\99\Z\}[z\3Ku\9#CM\\*\eb)Db3C)ԗ\o89+ח\\֬6I]Ѫ:t],L\A?<\TcR\+x\0\\\ej3UIZA\߀\)\\nl*:ldt\0\5\|[u\|\\\\\;\Vt<4\^\~4:#i0\y \wQ}	\nxE+a8xNFu\`X\\\\0\gG\}v<&`צi\0\rH6\0m\\0u:4鞂}\\*<MJѴsŏT\gej*\p	\\\\n둷\4	\=@\0\1\qd\0O򂠫T@\0ܤ⻘죰P\\z,\Rl\Xh\\*݉\'b.oP&G9\ƊTܕX\\0\\w3ԥU\ZL	t, [\\;\L\n5X\\ 煹^?\\j7&nL\\\\'\\T\;EL\\Ukj`\"Ua^2ϵ(\o\Sιj+;JNm\\Ss\L2/\\ߕ\-\x\|Aܮ?̤\0YF2}\\a|k5Q\7x\Y\\;ۗ\l׊\妞bV*i2\$kt6r	8^\\\:\\\\\\Iq\0\'zڡ̡F~#\|ؕ\;\D\bd\06ȷ.f^#O\\N\"\\0\'\\\X4\\\0b\2\v\0\\7.\(~\-l_I!cO剿\*?\\_/\Zs l\gjV\\0$;0\0\\cp\Z	\n\I\Zxv8aG6Y*\rt)Lt\\>{c)_.iOYJ\F\\r\\\8~B<Z].`KǊ\0<\n\-Ii*L2^T4\~\\R:H;rŬ\\t͑\\=\9~.sⳒ\\ \\L\Ȃ$A\n\\QL1\\T\'E9\Z\l677\'LL䢲8\x\*覦}\\$\\ZdH\HWVruvA\0I3{s>1e<j\&fNԱ<[t?\3\n-2Ns\\\a\0Bٷ\+)M(gM\f_	,,\H\'LA\nayŋG0@	;m^\hSZ|XZ\\M\ \Jixg4jw[}\^\\0H\|W\Wa\Yi;\\	\3KIHfH\'\\N!\\\'\:~\D\r\\Z\SdfiR~\rU\v\mco#\\^{{Q$Y\z\06[xGYÁv%	&`$\0}\\'\4UE*%<LO޵-\<4DX\\0o\g\\?£,W\=\]5\6f\\O/L\\\0J6:\\\<`A4SX\ySS;`:zd\J͈YvMcMN\Ʊ`F\*n\\C\I``O\c0\ݒ\m\z7\\)ja\`8\3<\"<7?Q\0	\n\\\ɟ\r\\\o\\)PI?\X\\Ef-\07^g\\x\a(\-\\8ϟ\7UE\1\rE;X\\\lV\"\\f%<:1\'\k\P\37ōl[R\\˒&Dzy\ҭ3q\T~+\\'N4_p&{/KIPcpc1\0^Jtܮd5C\+\a:\d\\7\\#[\FJzi2V\A	0y\cIU\$\``,N\\cvҷ$W\|f3&\,\7\$Ȗj\@L\y7\<f3	\K`<wbUs#\;~Bz%`h\y&\~x\f\e/\'A٠\̓0:opY\:6\}-\iFf>y!X\'rqfW*#ߞ .ʲ[W-\\cX\ \n\e	\X0\_-bċs9(}^*N\$f3\\qM7z\+VӢp\r\8\0\0l3H\\\D\\&lD[\Z\a\','2018-11-25 21:40:33',2,NULL),(26,'Dyski twarde',_binary '\\\0JFIF\0\0\0\0\0\0\\0\0	\Z\Z  \Z(  %\Z\"1\"%*+/.. 383-7(-.+\n\n\n\r-%%----5--------------5--/---------------------------\0\0,\"\0\\0\0\0\0\0\0\0\0\0\0\0\0\0\0\\0A\0\0\0!\01AQa\"q2BR#b\3\Scr$4s\\0\0\0\0\0\0\0\0\0\0\0\0\0\0\\0*\0\0\0\0\0\0\0\0!1AQaq2\\"\\0\0\0?\0.v$\0ba\\.\apcp\0΀\cD\Lߥ>S+M\j)\'w:[o\LFOPp*\\6\V@P\\\X,\E\Q\QzM+L@#hA&m \=h\ \Mdxz9zM~~$\x_2X˰\'SӞ\H<崝{ʀc\Ų2|\ \"c\c\u0\\W\X 66\#VT\g	1J0\\n?ͷ\]\n\}\7\Iʠ2@@\f8\x\\\)\4r\\`\r\o\Ds\+|v$uܦ\\\0\Ti`\6g<\yhUǘM |¢\X \F,gr)M\.A$A\\\8(b\"=,,L\\8v-Ă7@\>\U}Iߕ<\M1N#I\Z m1\Zؙ\\\+<Y\n\5ƸSbQHPHeczm\\C	$Ul,ʘ\/b-\\lJ\Wa&H8ZJYK.7$[x\܈4<*1\p\q:#ta\	]R0\\n\\\H09\\0 v\n!\0\)P0BFBF	v\\j&F\\\Al\r8`:ru\Zu<Fǋ~ZQ+\\\r;q@xi\Aժ\5Ū>[\'BPVKI6\"I&0F\\nE\\\\r27G,Z\sQeh\\դ\\\Z\\\\\\x0aR\"$\\\;\*IS2\5\ZjK\\\)L\\\疫\\0Z	RGT1>Io$$\rc\\\o\0^Iޮ̋|\`|hl\~u#[ŏpO0~L\Y~GŅ<}\|\YB)-$ۚI-xo\\rN]\-BVBԦL(;\\\rn3\\V4J;,I*\	:fJ\\\LoA\0\g\Z\\h\8qEB *\O~x=WR\0Y\@$	&	?!K3\*\*\\URs\\7\\Ζ\\Փ2\rRA\F[\,èjA\1	˨J\\\yv*\'\`}xτW1\Z*F2d\7\jTXu\";\"мѥI[\V$Gk*L\\2M=TA=\*=X5NV\r``Zj S5\P$\ri\0_a\\F\ZJ\2\:.}4\\*IR@YƠwǛl{>m\(o@6+\V\S\y(\\I\q>*\\D\\<r<\\)4\S>\Q\\ڏ\>~´\\0큙:ΡWR1i#/E\wx\\\rZ\t$_i#\\"8r\0F\I\\rugY\9NQLjDDYX\\7)gxf]j\0钤DD3H\q\.\\MxypE驃\6F\Mǳ^ӊ,H6 A\`:68 ډ2\0z]DA\\=K\rQ\3\-yi:cH.1\\\X\rQ\l&\	p\!\A;~xb\[1a~S\w\ϡ@\v\ʇJC\"\rDf/hq\x/+L\5X\\w\0aO\O/唨0v\\/?\nf\Sҿy\Oc\rz\nhӢ\0\q2SU:b\\z	a\\nV\!\gqYj2a\$\+r@\\nFbPvsR{\'u\׫e>\\\nXz\O\q7\\\||[br \0(\NCf\\RJt\Arwf?\IL[A~\\`{Ds \0_,2LZ,CYL<;\y>Z]mhhҬHb\\"\\;\\?\+5jp2ԥi`%Wyr\\\`\!,\l\0\0)l\Z4/V8LHBA{\Lj\)\Ww=@\0/Ss\|=W8\$ja!@9Ǫp^G,ZSK]dð\ l\pVZAR\\jE 1\0\\sQ\02ˏR\&\M\0/Ҡ-`yl6\	Y\Ky$ \0,j)6K(]|	@T3x\\K\׋T)Ԁ\#\V\N\\\v3FRJ\j7!)*\*L(`\\l\"zn1vfB:\\Z|̘\1\-\\T\I6?:5\5\LRAD0\@ah\\KJ&\e\\,G\0\0\\?jlSmL|\.C\nJn$٠l9\IüS\"j:n`0\7$Ө\\'nX5\\o8,)kT\r\)\%xVx\\r-\\Z)C\V\rQH5BgP\\\"X\+\\6Ix\v\vAĜy\'5Nl\\R\>Pj\\r\b#\V,H\0-u\ݏ1y3iQ1\[.\YfUOI\0rMN@[| /\ܮDZ\oOu7\z\gz3\Z`݇\,;|8\\\ŝ\\'\n0\\f_F9\\Wj\\Pae$,\rL	D	(\\Z\%,ʳ7v@F\`\w\NJN~)ݾ-øf]P\n0,O\3\|ցoƧQ(Lyl.ڕ\"#yw\B6,KL )&yzuu5`iP{-#O/Hϩ~(\03@\Fo;I\8}0yRQy=O\\T&\	E%F\\FH\\\\q\\'SeqoRG\|#\\~-818|3\\5}S\n\@ \\\x(\$Q꩕!\0%\\\\\/^1\\n\T:\\NLͶǙgs\\\̵O\\_\|̗\ZA\ӥ `\\c}fru,	\^XE]x\i_1\<\\-\M\%Ƴ9j9Y&vb\hxP1]M\\F\(\*y\ؚI3\Z@3\>\6UHheY&GOĪmX^\\\\n㹚)׬\'е]V©y\o|\Z\l\9\P=~\\'\\\=\0HkH\\\H\ZR\\\jlb6\ͻ.0ُ\܍5\\0B=ٙL`l]\3ر\nf r)R*+e%9*T2T7۷ k37\S*9\Z6B$*\b&F\MGQʻ\!Ac\?kWy1[\\TᨻS~w\F\;F7\'\H\\\\i{|C\zM!Ă\LzJeX2Զ\\b>`\vQ\y\ZzLO\)\=v\\o\`1H\0;_Ok\\8g}Tݩ8\Pl\xF5\\\\\4iv\Oaz\\\Y)HqiZdt\\>\d\nk\_J|GQ2\ם\nP/\\)\ZYJJC_؞\0\H\ճ\QI\\GM\.^\"揖EhJ,;\o20\y \	\.ܦU\n4T\\I ``HQ8/\s9v\2\1֤H\{cM%FrJ])A=ȿq/6NXרtSi\n\\ń4\ax\\lr$>^4/\\ \Gbe\$ؘm\'\ǋ*\sU3&)SPאCC8j\^T}Pm050\;\:c܇\\:f$,\71ۦ\0\\kai1V\ya^L\0\\F\$@\"z(ǥ\je\\We748\#<VaY4RL\Y嫔N\\.7LV4HL:\"H \JĿ\W\o	^kFqs\c9\o9̊MZv1ԅ;2\"ۋm\\\S\Q\QA:\\\r\19oR\7U}MMԣ:rp \;w]\>\\zohu\\s&\T\\fA\Yh\\'\&\\04\'YР1OL\D@\1\rŬ\͊dZlРuH\ռXQ\>\\\\aE\'\ZI\6\'\m̌EM-^x\\cJC\\;\ \W\\3b\\bv+\_Ri\7m#\2.\:@\c\ӴA\\( \A\s\h\Ǘ[\r9\F$Ռl \\<&tS`,NZ	-?d\0.gb(\\`T2t$Fɐ)K iYR}:X\{`WS\H9/ر2\OM\\\\Zj1\ \\\\"ۡ,;O/覲\2G?F&C\TE74\I\7=hOIg龘	\\&\{=R\u\"\\\ZC$\07 ;\\RFx\\O\Q\Ԯ\m\1\&O\\T\Jv#J0	0	nX|f\>\\TRZk\0<>Y\m#x3e\RM&ˢ4ʃ@1\0\0o#\1K75VZR%A\ndFo\\]sZP\]:\o\bswЩ@=cX;\"6[Ձq[\\yJ+FL\Mȷ>C$mn\\zl19!i-x\W]5\q<Յ\1\);d|\Z,X1!\crI\\ߙOO\,\\$4\\>\g\T$x۱7]V [\\\a&A\~(O}B0V`Y\\\t\\ZfM\KK*#>\ - d lyWL\\\7\oJ\\ͨ\J\\ufP[\\Ā{=OUҬ\i\J-=QH\:PAU\\&\'\a$o|W4|Ꞣ\hT\fL3i\sTzM\*\;z\u6\Wنz\0\'Ƈx})zAɘ\L\\0؍͉i\\rZ>\\0Dt`;ļ:k\r\ca ML[ad|\'TKo+[rA} LXs\rƣ?50v7\"?]*ˤ:\eQ\\0IAh\532M˿{\mcwz\\PSpbwBӿy\_\uB)*\\#\cMJa\\'m%lA\"w\A와:$\\\-_9ZؖzI\~3\\J\\\\0:*\ޏ\EG\\z\'2_.\X7X0PnOn8^pT\F\	\\`\#M\k浪oJ!\	rv$<\Q+\6-\B\0\"\9̍JH	=I@C.p\*+\nr\InA\)8Ug<\V\qz\ZĿ\&$s\\gGJwnQ\W`oi\y`\0\\0\`eZ5)0\T\n~t8m)m\Z\vt\ZM\H`\=Ď,Yl\BD\-\&gLRTOݦJ\X\"܁`\C\\5\\r.)~ב\t:\,\nOujA\T31\O[\TgeuE\r\y@3\;P\nV\@s2@\Do\\S\r\\\Rm5Q\0v?+S\Ui,Xw$	\[\n\\l}_,+:p\\OUj`熰\0D^0i\n̺C6\q\\:\\\.]AٍnKO\U#X\\\0Q@c\r%\\r\\\\T2oTi	D\0\\\\\S\ڒ\OYa%C`-0cr$\]:\:\\;ü:\#\\Q¨5,\0Z`\\R\װ5ďf\rrK$\p\Tj|ƥ\C,\\n\X\rV`my\l\s&*էV\9 \hH7\:\N\\\`\0\TS?!P\/\'i\\\\	\0-ZfHT\\0ϐ\?=F\0O\-E<?.\r\x$+\B\&\i\\0iD\\\d*1*+\r|\j\0\,w\u눳,I\f\LXt۝϶3\+Qc\\O\\'O&1YUr\_Pc\R\g5b$(ҋ͉\{ͬ1\#\3\04\\f\ZR}\\\'fS40\c%f\GVes/\\˭h`F\\!R:vR\=%\v-~Z\\BXL\Y\I%D\&\\+koT}\\rZ/O\j\Jt2M\0\Z/L>EaC\0\0qo+%\H\'VuI\${N4[%8naE+I\\4B&\0txzMa\XXy$$\O	\+\ӦDr\n\"9\\S\mLE6ef\31c|56U5X\Q\~띫dyOf\Zl+7\0\Hզӵ\\q\\s+^)\0W\%H\\\\z4\TX\<\way\I\L\|\\\vm<sdkaC;ڀ,a\kצ\0\娈\\:\r\n,y%%t\\+wp&nI$(fkW}[UȰ\9\{bଯ55.B\\}J\H\0Ro`\Z\nA\0\0\Т	\m	JաY\R\;\Z@K	-3øR\(oM5ZwQ]\\r\+Ԫ`]m&E\xw̄m$V\"\\X\~1ER+TA N\\fO9c;fV\s\0H\*M*%zr\yB;v\|GԾpXG5-ràT\\<=\\2D姙\\"\}mif*)\\"d\Z\>\"@L$\MTA	\Z} \i\ _Q\a\\'\PR\0i\rh\\&`ZAUAmNA۞\h\\\5\-g`\M\#\ހlA܋\(\\\er\\Ĕ\ {\nbI7ǦpɪѦ\a\fnlS\rk\b^\f\\ \\/ZB\0\q\@JYbZ\*v\\\`\'4>s\S\n\u*G\߶\\7zϊN\j\ISm\0@1Ҿ_\TQURpPg\\vt\\zei#bz\$+\1F\z)F\ZF\B\<ǔ\[\.\7WhB<8fVǔ\D\ZunA\0^\gk<Y\0Q\)k\\ɑ&\*q^V-d\\\]@2\Ӽ\hZGD.\0\\/\t\"̠\O\A3\fL\P#H:u(\T\Zً1Nv\Q\$zͻ\J\V\X\\\Vj\b\\0\0E\kf0+I\\"F	$	61\8iv\\Sp(\Z1\0\n$O݆;\\'\\^\Ԛg\,2Q\\vH`\0>\Z@;9Ѧ]wfc\\\\E\\g4,jR6\UDق\\\=\\?s1\RbאX*ԑ _\1#0-m$][\'o}\\\ZkjUT2YJH[\\U3f3\\\\\z~`m)Js\ZuYe3s<\E\nYJ\K;\-\O.x\.\\EBQѵ=\W)UV ,\勪-\NP\VB-=6:l7\{\[-EU\04+37\Aˍ\rMD!jN&\A\{\\O.\\+h5\\r$_\n\v7\n\zB\ni\*30v*	X\ZA\'\@Y\^\鼋vY&fv,\\\rXD@,v\rƤ\\"e\P)zt\\GC\Zz_T\\0bk3K(d<\	\TY$\R2\01fė\,iC#FT (@v7	^jb@@\JMMo~[@7\\4\j^?b\^?˹\Y~ ޫܳ`N\\"w\Z\B\\\LN/\6f/\~}Gl,\Q\\-&\\Qȫ5rSbjD[zPX\9S\"<K	2Fl&M0	3jW(H\"Ā\@1ɶ\Q\\\\tҭt\'ۂZ۠cb\\$\-\:\f6btD/K\0P8{O\l>ߞ)\\yy\\ZeV@&Ă\2ZDM\Zn\\(@  &VK6\`\ZIX\Vۯ?<\\=\\'|g:]DfI	;L\\'f\XP0B\\\0I\r}2bD\oߕYP@X_$;\&G8 \H\F9.QX2j\)\i9\\V!)@$\E$L\\\\a\P A\|A/[.ӌ\r\\0Ƙ,d6>\\\L)MY\\#.L\\d\LUT\0ybc*\זV\\ԇ\\e\|<DF_0uS6V?gcz\ƒ5\"\HGc$ʦ\r\\\"98ڔ1{\\a){˩2\\wńJj\6S\ȟؗ%ʫ\rf3(\uJb	zJǹ\"1\t#˼{\|e|hj:|5\@\\`D٠scG7u|\ej	#hbsF\ۉ\r\/T}\dB\Ո\\"|\𖨤\K\\H\\62l4\\Q\J\S\\)\9%_4%\)\\0\r=\"Dܘ$\\n \\\h\)uW\:\\"f-w<o\5IbE\\\<4^Yqԥ\\de0\\(\H\'\m*\ӨmVT\7Lqn\\\jo6YO!\n\\JY\d\\\7ej~\Q\\u#M@6Ǧ5&q;ӨH*\f\ҺŁ$z@ߥ\kZմҪFATTT-`\\j;\\\"D>TX[O-\0\.L>\~2!)\0ؒ:$\ȿOaS+@\$\0f#`*k]\\nIQTɽ?+09i1k#\*Rg\RSibBVz:EFIvQ\eF7\Tܓ\c\KP\	\0LX s_YY\ i\P#$ܜ^\Ѣ\u\Ziv-x8Y\䡑g`\p`LE7\ԩ$\**S%tȒ\0;\\\I7\\Qu6J\nKyH)\|B>\\'Rޕ1!#ɩ\'\\e\M5c-P\'{\`68bsP\'\Z\\O\N\{|BI-f\!O9ľ\Z\5kUjJ-Q\ŵN\aN-W}T\ZpM\D\\\nyɦ\L\*6\;0z	$5@	idܝ\[\0 m\0\_\VfZJЭ&cP2\0\4]\9nH9B8Vd\'AUu}\0\7l7\\\u\V\0\w8%\M\\ɍ=n\\|\\3.\0\\\"I\1l^/\:*:\0\r@ |6\0\?ĥ!>^p9\A2\\LV&9NjRSx3\rm݉_%D8H\\I E\n\\ݿ,yq5h \<V7ǽ?	*#@ 63 \r9\yU~\y\XWF\\	\\\)\\Q\nԪ&\eB--*\\E0\#4@^\0p6æ[e\ZY5S\"Lm,LZ-;X\\0\*;\,\\+h\89IBm#U\G\d	o66\Ps\~ \\TUi$\U%b!b%éx*C	!\\%\wX\ӨjJhZTƅ1\\"ɘ7\\n5\\\q{@<c9Gv87\֨X\\\x1o\02dG>],q\}>\\s!JHjMnЪNF\nTi%o)59\0J\0ϱQ\\Z\tyi^\i9e˦V:L\\(V\\nVc\`\\- H\0Q\0y\S]\nͧ6RV\S;k\0c-Ÿ@	gI\U><؞Vt\$\:\"@\y~\Ė\r\%v\#KC\\'\ޓJX@\#\\\Q۷\\\H\Rz~\\ZRF\ļ\\톰?\\\r-\\e&} ңETAne\\_mK0KQ~?J\I0ĩB=pA<\ؠ	\n~\rA1x\qZJC7(Xc; \L0?\\`n[}\\9\Z蟇A\\0X^	76\\]|-**>\0\rͤN߁\T:ب`\r;	Byr0崨%\\0\\'\4\\\'Qq}%\b2eA \a=vVX\0eu[T}JHdH=`FGTT`1]v*\"mrZ\\\F,Y\Bٔd|$`(\Qq6E\\|NSj ƐJnCPa$\\LM\y=rhR\`\ܱQvT \3$Ł*o!sPkmLȸ\\n\^\nC̀t\h\\\>\\*\6,}*$^\v\g\2:yZTZ\A\\c 6ob+ \f1{i-lnk\5\L4h\\ɡJ\~8\\NL;_Dz`j$D\\\=\Tzzʙb\b\\0p$*\\y\ZЫja\0#ӱ\ZJ\<ͧcc w\)7\\cjH39\\3άJ\#XuR CC\0ڌY\Z\nN\\"\Z\"e+F\ͭ&\\jE\n\0$əXr\\\c(J2I#q*G׾-\|D\qDTgA\+<L\8(ܲ`76h$\\\\.E\\n\n]`\0]r\\܋Nj\MOڸss\U\;T\ڃF\\\"\"!E\\\sɥBlzO\ϸrCH\2opzL5I\\\Z\Zd\\\r\W\\Q\\\ju\b\hER\r\`.2LG)#T/\ͩ\\*SoHV\S1nZL%MY\"t\\\0\k`VC5\jM\HIF\`D3\nZ\r-\nԍ\\0j1\ZT[]i\ZZ\6\\nŉ$78#-|\yzMU\@bIb\0UAYae;S\X\:T\1a\a;aʸ\oPjRH\0G\"\\\\UA!\l{\d1\qn^:3\\)-R6\\>\"\\o&\\\\+NZM.A\H\o	Yю\"Xom?\N\׿N\~\#ut2\e=\\\\?K\d:w\ \\\rw~xM\n\I%\'\\\G+\X)*A&t\G0DF,~E\1\۶KJ.Z\n\\"u!uzo\"\@6[L\r\ V(R\n`v7#_4\䞝:C\\n\0:A\*pGvFY\\&??&N#Mihorwn\>k$!\O?\aH\0Q] BC\Z[\}3$	DU\\\ ( \\\Z>d\nɺR\\\J\\\ZA	\tض\g\UsS6.6\	/\',6,B\]\\K)<\`\@Yǿ28ZU\n\V\0RW{&#h\|Av	A\ƭ\\ r\o\ziǴ\dJ\Za5\&\@\\.r\â+fP!UP \`/&;`6V6Ke\'\$<\(\L\yszD\\J\!QVY\ZzB\&顙j\rg\\Q\H+3Jbof:p=0@H\0\0 ^zs^\)P\\P]Z7e6`	Q\"t|\\.!J$*hU_\I,\C6\FZ}u\ZmEO2Z[\;G+z\[ᐭPP0R36b\r\\zt\M\S\\h\Z8q\\ft֚+JrI\i\"d^\s8\TEJbYO9P7\;q<\[\\Jc\\3ĕJ\O0\\E\G~E,KOE\\<5V`)%\09^\\BTf\0\O,*B\k	\W_\ w\\nA\T?\\)U\Nʪ H	\@$ZͶ[fO,d\7.	\0\\Aa\ϨȐ?~v2m\\\\E(\0\\y^mDu8pA\IQ?Y [\,wS_\lki12a\\B?.p\sV?\P\0\Z\\&\	:\4\\r2<5zeBm\튘\ۀ?\\\Ku\d$q\2R\bVn$\\H\9Ӳ\\	aٖF\\,k\0i|B\\\n:\A6+\m&\DܓD\'n\C0ej2\\5ܺD\\\\"V.\t\"6I\\nx\]L\\o\(\LA`\b^\0@\[PI\\\$D	\c\r~]F,\ڽ%5\U鷬B\\e}C\0\Yai{\qvfɭ?*VbUA%l|ZYU\\0v7X\u\'ߖ+#k{Nߡ\b\\\>\\\~\r·0c\Ax\6\\>\0\\XPɁah\\;Iu\!v;	DZ4cS@\\&:\0,Ooo\\vt,\~{OaT\\\\۾;{--3먛~Բ\QT8\c\\j\?\s\\rDbB\/\0o;f|c}\\\0s\\{\\v$֎Z2	m	\\v;\r\';\`c\qnC;bJ\\ta2m~E\\0V\Ӗ;\'\01\釥-cy\\\r&Um!/\\S\\31\:\oX\0\P:\ؤn&\=F\u-HkPG{\Y\y\n\]`\Ae)	$#x;c\MlҠH&\ź\1M\e~%]á\;QiBS1I;\0\"I&c[\FJ\٩?\\@T \=\\i\\pS2A4Pg\`b\Xi[\\R\\ܒH`1\\38\!?vy}\\\P\07 v;mT#bNߏ\-\aq\\\\q\\.\\','2018-11-25 21:40:45',2,NULL),(27,'Procesory',_binary '\\\0JFIF\0\0\0\0\0\0\\0\0	( \Z%!2!&++... 383,7(-.+\n\n\n\r\Z-%%-----------------------------+--------------------\0\0\\0\"\0\\0\0\0\0\0\0\0\0\0\0\0\0\0\0\\0K\0	\0\0\0\0!1A\"Qaq2B#3RCSbr\\$D\4s\%Tc\\0\0\0\0\0\0\0\0\0\0\0\0\\0%\0\0\0\0\0\0\0\0!1QA2a\"q\\0\0\0?\0\4(((((((((((((((((((\\IArk=V\r4UJ\$j^GUQ͈\WC\n+\^-V$\nKWS5`	\\\WL\z?K\ŉ\\8TtW 6[XO[~\\\\n{D\0\0\r*þS8|w\0]~5(q8g9z:\ZW״R	iZ{V\\\WIL\\޵\%+GT>\nkO\'\ZShS\F\#ݼ	\ֻF7%\#&\\i.0\O\\;(G|q\aXnKu#i{M\2_Q\[h\Nmۼ\\\\o\ƺ1>){I0$^~\\r\ Z?\'\lɅꤸz\\\ЯƢgEu9Ξ$nL.=\\c1tr,{2\zc\)\\\V\zƖ{\T+WEf+V?\u0K/ԍ\\eĪ)g`7$\W:\L:褆dab\v\Z~߾ڊr湯t\<\rc\iFn1\\˘\\U\qA\Z,n\2131:k\\"\d\Z)Ԑ\\\\[\q!\;\&F^\m(\\SN\2\b0\\?\ف\\ת$rݾ\K`\*\˘8ٯmA &\~CpsI\\?¨|KWF=]͔	\'HzOi^\誽\"\|[tݖsX|3ad\7\q\\^;NVV\\\0\\\8bS5\ $\\k-۵\S\\\iVpH\:0;\T)@)@S\\&OXVH\\\Q{\r\f;*>t\~%N@.Qapl{\\~QّdC<\ZtG\I)4mνcH\v\'sfSsLrn\|7*XŚCY1\.c\\\05\>ߺuer\\$ҌZ&\5\|(:O\㭈V6RTJ\\0E9ܭk\\\Eg\8	1\\naPz\.̻X0ݭ |<db\,\lm(!5UwJN$NQ2\02G\\n\\2+Nd?w\4\1q\7ǥ\5ݻ \{\r<\\}?ğo_\ØIz?.\r\4,@Y@\@Q_c\]oH\pv\-\1WV|dP.u\>h\Zʻ\)Y~\z\R~ﾳ}\|\#P\n<\\4\b\E\^\\r\Ϋ\{;CYs\b\a5.MrLOK\q&UP[RH\0YEP\Z3x\ߪ>\\\:M\\"EǺxd&,\nhҷЧ}H|>vݤiV?6EJi\}\0ed(\\);Xh!\AqWKW\Z`t_?S!fН\\\s\'YP,Gx@:@\\\C^DC\ǪO\{Ƽx\O)JV\bY\Z\g#i&wU6\5ss§$-q\<Y\\p\ѝ\ٛI#8\\}b|j5\\n@9:R$CX;Ѧ}	\NM39\d9ן\\q\7ŷz\}b9\\Q_\d.\u^\e&\9\Z\\r\"8\dy;\n\q\3u@\Hւj\8\"{n\\5\\x<\U(\C\\ATchO\\\#ȷjJZxCL\\SbUB\n\\9_nt\\X%\\{\0SML\3	޵\uѽEid\F#lQU%,\r\\\-a\$e,\'\\\[N\\kq\~u~\'\R@\)\e`\n8#PAI\_GYp\ZE=;DX\ŀ\\7޻E\\/]ٿ\n-|\\r(̭4_d\\\n\š	\\\9\0{.\|\Avt\Qɏ\\a\X#vHh\m1\Z9X\A,B\YP@mA\0V.+ȅŤQMB kn|\Z0Er\')׻cXs\O\A\\\\\\\Vu)z{EoҪ\\\ռ^a,G\e_S5º8bI֣\`\ڂ5\o\q\\\C1Elֹ\Q\].)Ք=V\[+e*\\>\c3a!\Oz\\\u\{w\C\jܘֹ2vOJޔ{u\\ڼX.`\\фe\\v_w}8\\n>1\\;\+š\\\\z~H.@nWHr(V>\0\Z\Z\\bHK귀O~;\(n9<ƿε<[LBC#\[\<k^F\C\Zs\Z$\z~9yEu\\\>;\:oBZ\\\*\/b픒<F\(\\a&\C)(·(\\q\]ǂqhP5\Ǵj{5\\\m\űGZ\1\\3^Sri$/\=StLxҠ==B\H\pH\\*YIF ,PH\0\$m\cpwuU!hr,$`-۬\\\y¹#nH\HǤ(jG\\Ӭ]23\\9Q\w?[\\.\\\`1`V,Dqg\n\rTFA\\\),\c@nMhr\W\0mrTFm[\뮣@*\\\e\\kYF\\纔sKs\:\\0VE\\~\ﮙ\u\;0\Y\"3cu3v\o0AWZ\q!ibCm0\\\f\8oa/\/\\\\Z,gĲ\\r6s.w\^!X\TbdN\5ŀ\Z̛i$\(dup=k\_\:Q\(cU\0\4\b͵\\kxWG\YU-\!wpy\0aktw0El\;];\v\kv\\7\q\rvu.»\&Gz+\Z\\0׸\9\E\npWoO)&@&\\{M\04Q\'6>=\U\8݃72>\1x\\\Áa9\\\Ʈ \?\\<\r\\lpxK\0±\\Ǘe\o\V~C\{\0ҳ*T\l/x\Qj>5WR@:V\|8\yd֥\rÑ\\uD\B7Y\"@b>υO!\ce?1\Z_}\\U\/B$2_]>q\voe\Xg-\\J\\\\J׽ǷΪ,5Z\"\01\\ȑJp25_M4\1\DoI	a}ZY6\"\\\\\n-㝷V/~Y\Z=\~N;{|1PYmJ _\|Iåz\xF\\N\)vUp V͖\\rRP\{w:HN\\\ݿ/:ŇB\\*ܸ\00&[βRr6bP~AGA7%w16l)mmG\k&\/m\V}hb槒Ņs\I\r\\&h0\\\X8[\"\\04~E9\"\\\\nYBf{bpo\0\b>ok\T~W\?ccOM\:՚Ϝ\v\,iPG|#3Z\f\\UW3W>-&\\}i:\؇R\e9\n\\ZC~m\ﭨ\0I\Z	\vTljQ\r\H\d:\\\\_;\4O}C\0:Fa\@-\Z\0ZMk|\\\@=\r\ho{\[ѐn\ߙF\0x@dbݒ@sb\\/m\!\^e\n,W\Fq\\"U \+}4\\j\Oʰa8C،`]l	\0X\\\[H\\>R\"A.|5.X\\\(9fqLD\,\n4i5\\\(Ѵ\ZXXw^\|߫my\\A \riԓq\r\'\Ս\\Ҁ\j\\˓WA9 \0f*!\rYm\\w\Z\kf6iqqFa)vC\DkU\0r\U\>	X\BCbmzNGxטT`*\0\\0;\ىSX$qw\\$L~խ{<jG\a1E(\\\wTmA\\w\9{+_Ÿ>sIW\'\a\o\,^6\'\ \(\,FY\\\\\dB$\#\\\P\p\\ߕγF;\1\"\>U\0\+\e\Z\\֤\nCp\H\p\/Lg;_}fxa\0\\ě\o\\\'\_+e*5~\f\Wv\Zo\;\>/Y\"\\뽼փ\\p\GZ\]t\1؝-f\Zs\r\\8&\&_ԇpU衊/[J\Wrv\\\\\r\mټ/aph(ʺqjm,\\0\\C\pTC*݂dЂ6{법yӜ6LP}\\{K*j9T˵\ԟ6\7l9\Z1\\qb\M\\]FPK\k&\\rң<2snqr\|\{\ܦg0ٲE􉲄R~v<\>\\OlnR\\n\tĨ%Kk>A\pߟ_\M/y\j4\fn\؍Y\\ m\1\V\ub\v9AacC|<q\`&E\90\\>l\\\\\\f\g;\\\\}\\fDnS\\0\N\\\ZTw	\F\ބT.\5\\(\8Fʭ\M\\u;\7ed\(\\юߢX]d9Te\\@=5<E\\\$)߱\Z.zsּ_N\0LBQ\\\\\\?C\\\\%\rf\Z+h%QynÚ\t}	\عϓ\Z?\5t|C4\\mV\0M<\Yh-\e\a\40}):\\\@\Y`^cF\0\\Z\V;sT?\'U\\"|ɬ!\n0\0G;k\O\ӕ@1<r279>kY9\PϘ\\H\\#M7\Z\7\|s\iJ̓´jI\"~פ}\\l+Oû\ٮ\\S\Zu[0\\}\\cJ\5P~mO\kb4ew[\j*5dH5Z.u\ZX\IS\\\lj\?\.\"req\\\}UJ\ZF\3\|\T[G7aԣjU}#\.R0m]X ^uB׈/]s[w6\\ۍ|7\m\u0?\Wū8e=Q$\/#\\\z^.bI\Zly\\aY	c\ɰ\\n\Ʒ]h\^\ɦ\\)9HȽv[\\U\EDՎ\$vd\n\OSs\0o߷kw~UO.|\^\ú\\&=LrE>PpG\\0E\j;A6`\\,r\J\\"\7A.b4˫\=Hb\Ր:\\idӺ18IײnwVӯ\͟Ը\n9[u\}h#gvˍ\\c*Q[YI\m:2D\ja\\G\\H\\~\z\\Hq\\dh?U\\ӛ[	)6\#\Ҟl\\NzK>\\cX\04r<k\\\>Sl\B\B\r\\\\x&$\9lAiHm?r7w\?\Hpxx\\\Z6zz2\v啖n)JWdZ|:r(0\\*\(-W{\IU(5\<W\|BG\, 1\'q#}ئ=9\aղ\\\A/ɆNe\ya}~\W<9ɼ8R\\޽Z;\?O?\r=\?\y^}Ō{{\\>RJ\_\:)o\\=+W\l	\J\uE\;֥c\\\wz\\E\\v$}u\ȱw \B\\\P\0$mVJL{yS+؃\iT$v\U\\\Е\nXX0RiZU\x~\ϾWWj\\ac4Gw\S\ss\k5t*.\ƭFnK^\\\׭_\N\8\f\'6\'/2=e4\\\roO\~7Oayu@Nv\O4f͘\"\\0]\\(\iJ\E)J)J)J)J)J\wF\\D\.l=\\svt\ֹ﨏\KE\\\\B=\\#k\{\\\'\Nn\\Rͦ\Av \\ERI{\g\NsF|\\V0\',K\ݨ\\N6\Ů~Ӌ׵\]!\\X\KfMWBta>ʑYiQ\ZVXl\^sXv\5}n`\\ͮ\\r\\lawX3ֿȧ\&\[LPI%=\幬sY\3ON=?[\x|\\Q\Vk\5c<\g\\\0\A2݌:T$}cMdkOgAg\\gXeCv}Ā-˟\n#}\\\0\\\K6\\\n\ȩ6#2\n\n	{\R~\\,6\\n9\\\uW\kO^ҕT)@)@)@)@)@)@)@S\\WP\q;[v\J6)\{WTs\F?;\0\\+\+\PwdxpgL\NL\O(O/}`p>.,]kXh-\\\]ot9y\%+ŇQ\0&)|O\\rNQ!j\\:`--\	\Z\\fky\\㪯1nMea~h$Rݛ|z\\P\ \2ܐ\ăkT\oK`\Z\Z\n}WֿW;\\ \rE\! \\2\/-})\D;\0\k\k鎏\b\\<4*:(((((((((((5Cal\{\"m\\	\\?\HiD\\\'?\\"V\\r?\\"Z҉\zD\\ㅟ\u\]p\7\0t\'|9H\"\rF\$ߗR\"P\0«	$R(((((((((((((((((((?\','2018-11-25 21:40:58',2,NULL),(28,'Dyski twarde dużej wydajności',_binary '\\\0JFIF\0\0\0\0\0\0\\0\0	\r( \Z%!1!%)+...385-7(-.+\n\n\n\r\Z\Z-&&+----+-----++---+-+--+.------+-----+--------+--+-+\0\0,\"\0\\0\0\0\0\0\0\0\0\0\0\0\0\0\0\\0<\0\0\0\0\0\0!1AQ\"aq2#BRr3C\\bD\\\0\0\0\0\0\0\0\0\0\0\0\0\0\\0.\0\0\0\0\0\0\0\0!1\"A2Q\3BRa\\\0\0\0?\0\ZZ\0DB@Vx`! !T#0\hv\\v>{mǣJ\$z\1ffd1\U^é\*Yh\fUEגړ>pqF\'Fl%\rYzi6EpRQȝ.\Y4I-V\lE!T[1e\\H*+h\]Hj	}d>\.R\6֧Z*&[֧Z\nm=N7DkA\\0]jD%z\?x\ ]z\1PPFЈU\P\n(\nB\|\\q\\\\Q.کYsBoGpTr\8\\\㥉ZTB䄣Z5Rx,r^LcʧtUм~W\gҔ	\hN*\-9b\{jU\iZkf\EY\^jm\p?ȥ\9q\n+J\nt4k~=T\3M(\0\\rOQQ-衬[pgr3+\\NݴHVR)_8+|S3\\'5{QL2mLj\e`Itge4iDM\0:Q4iPiD\"We\n\0iD^DQQR\n(\n\@ТE`T\\\rѝRVdMX\\Xr\\h\\u\\,\ZGfcF	O%7*hnQZ\\}\"*tHz\ Hl\\\ZVBЦ\\\o\4Jp\'\")0z\\b\|f\!bsTSetr]>\\i4x5\%1B\\\px`\\*\\˚vru<|Fl~	8\7? ]O\*\Jq\Jb7*2f1tpvX°\"\0\@K@Seଉ+]V\\0%P@xU%\r\Pu(\RI\\0\Z\FX+VHQ\"x:q\SI6\Ip&0W)6\\v1k\\9ݞkˏ\i|QK8Z\0\+4sq\\Ef\poJMO5QL\\<v}3q\v.\\MD\<\Z-\>BM6\\	w\})9\\0<\\0=^b>g$\9G\\d\d~k\\r^\y4ȪLzIRG0\(\ob>b˫-\nH\\\\\$\\Y\(\E\]Iᷦ}\A\\\ﱵ84\0\\I\IL,\\0P\ppA \\_\'>|36r(nMօ4k^\P\,^\$*p8c\ZRړ.z)aऔ\\9YTG\" \Z\XX\<\!\$h2(DjQR\n\_\B$MLf5r\\D96Yl\dw\nDX\-\3,Aj\2:)> .\jD`\0\Zap]Vw(|Ig\\p6\Z\0:\a\Q-\pEYG\X̱k\0\\lc\\ϺG&XK\V5q$lyYe\4Yw\F\mi\ҰZIHpi<D\\Wgk\c?iʃ\xr#k\He=ЗKX\@\\&g9Ն;\}2f\7O\*];]#\\e\\0Q \\\\\>*xv,\e:6\i-ͮZ9Ľ\\oFs{o\1\2˓D\je\Nw>Gv#s?΋\'ӷ׆\\A\f\㔬os&\Zt1\7\+\Z\W\fI\[oj6\\\=c\G/ott켁\\Ɲ2hmC\\\ԮtD\.2zm\c\kz@YZ\ڃ\0|>_\]m\rnMD؝ \\>eSӤܵK\O\g[a5Bg8`hq}\-q:z\Ŧ\\e\\\"\\rnv\\;\&_\	\rf\Z\6qNp\~\\\߼8&JM![=\>#\@b@\\Vjc@\\䵲Z\\\E\	.\?k	%\:\>\\\]F]T\*ij.R5\*\8(\\WY>\n$bUIDJV%R\\BiD)H\n$jτh¹a\\KqTԳ{\\<LR\\I)Dd|^n<.\\\Eӳg\}\\\|n8\i\%\ZH\\&\0j\\?\yg֑i\\0/o_\+U\F*k$\\\8\XQ\8rp(C?\\\b\V\0+\*ݢ-\n.:\ٲ\\M!%t\\\\)V\3A$&tЊ\8^\\0aqc\\r\\\'aq\r\\\wɩ\ 5i\08\$~l{C3L\py\\0\00\\^\\\TN\\Z-kx`5FͼRY\A\0i\]6${\\Z	q1͍&ۆ\UI*{\aOҌ.wDbHpnM\#O_Uf\>\\\K\\a;``&xl\hr\w<X%j\*s\r.:\ŏT\Z545\Pk%|8db)|iIw6=\I6\2G\r;8e\h\\.~4Q\r\r.g8|N \:ǲ\'%\#À\.v\4+\u\rtm\q\fCu_4\\\o]8.7谠ᑺ\}ZK[!%\7u6}\\\\}MI{d\86\*\'Λӹ\\\]v\#Ŭ\\~q\}Z\p,1\\\\\wfGcS,y\$¢΋\]sj#[杫Kv}[7x\\M/8\L#U\s`N\laS˗\U\rE\nnve1t\;N\#,`d\f6邡e\PUбl\U%\'ȝ\b3J )v9J k\")=[&V\\\\F+\e(aK.*{\"\C\0,sU\3\x\\ܴ\\\/ݮBO\SA񰹣\-Otp꾃kxL\\\\m\\wU|sWg1I.:sVh\\l\`\s\A&@\\̨\2K*b\\ޮAnRȣ_\\\\rbIQH\H\O\0I.OƊ\e\tm&\D\\kG\0!`t\\r\c<f\\\\p\\0\"\\r\+5)q<\"|\\`!`𺛇Fw\iQ\\ƜlIE8eam7\YZA\.O⫈s\F\\#Д*\LX*POL\2Y99RVsݔa\ph\n\"r\f8ҢW\!%\%V\ 2M: ma\'Q\"K$l\ UYEK|j&Q߫#2IkÒz z#q\4\rJu.vI\\\nE \S-Aԗ&LyU\^qU\\x\nDv脩aB.(dN?ԧ:+4)AV\[ug\-\E<ќ\\r\\u8J\\\Ū	1}拺ߎ3*l\\W\*p\\\\M\ͭq\\k܁\\\$\Cj4\g\rh\\\@\;$^\s>[\\_R\垞\\_s{,y\n~Ye\\Brw7ɃQ!tB>v]5%0+1\\~;+D;.\f7$ra[\Tƃ\u,#&\\Va\\\\\nIW錘KL>)8UH\JL:RQ;Ŋ]ւ\7aN\b\\6=\Z\-Y%-\\Z䣗$ⓢ z\\Ѡ\\.dVE/((r!jWDd\rJȢ`DsP#\8a\0|O}0s=\\\\r\0-u\ER\@r]7\rx\\\\'%r4HmG\\e\$\F\4r_&5/L\\\$<\\\\FI\\\O.w+R\Yr8\'Q{\nW\'] ÊȒU.2Ҭ&T\ԥ\Z\\\4\raIB\p\\"Ha\\\\Rnv~\n\dXՎ]\'I!FK)X Gq\*lF\d\?aԎV/\\n挃LZ΢wPu30\7#@\`L\\<J\`e:׻ljr_Yُ+e#r\\0ٳiɇ_`HU;\'zd\hcR&F\PY`12B_Jv*\\=\\h.\'\+ɋ\Z\\.E\\Z\&d\BI\&\9\0yX\[Rm	hY|Sk&\\uo\\U;F.;I\\Ұ\?M(.ǴȄ\MFDm \\Nl}\\\,\Z)9b\\\0\\5\\'	lw%j*V\\i\n\":J\*C+\nj\W*.EJ\`ʷ1WeWWy\Ju#hy\ܦ Y?҈%#r0r\$Gaaq7`y]\{l*\y=\Wö	6#m\~	\\!sBWg\Z[\ظ+\Z.ދ\\#\`R\\}\{Nw!3pv\e\\Jhtј+}lu//<;TK\\y^RZ7(F\Z^/輼P0ǯ/&[<f\\glq\7\\\\YK\\\\E]*vv4\Z!;\rUyह/\eCM\\7^^\\i`\qdv!7I\\\\\yyt!\\tʆU\\h\\*W6h42\b\)E*e^^Z\e;\^^Vs0\=\[Ý\rv;\\\ZZ/\yy[4t\\!yyZSg\GUS\[\yyYI\','2018-11-25 21:41:11',2,NULL),(29,'Pamięci RAM dużej wydajności',_binary '\\\0JFIF\0\0\0\0\0\0\\0\0	( \Z%!1!%)+...383,7(-.+\n\n\n\r\Z-& %--/----.-/--7----+-/2---+--------------+----------\0\0,\"\0\\0\0\0\0\0\0\0\0\0\0\0\0\0\0\0\\0A\0\0\0\0!1AQ\"aq2\BRb\#r3CS\\\\0\Z\0\0\0\0\0\0\0\0\0\0\0\0\\00\0\0\0\0\0\0\0\01!AQ\"2BRq\a\\\0\0\0?\0CM0h;w\n\Z0#,ˑ.%B\\b!#>܆\O,MTHB!*!*!*%JLD%B\0D%B\"\!\0\"\!qNB\aX.5	a\"T$1\"\0 nδ_1ȭv\\h`\N\fb\\|2˓9<f7<GЪY\\]\(ӫm#e}#;\\>ckLd}\R8>GaU\Z[ g%S\N\\\I3\i\R,M|\\*7Q\<>\ZED)h\vr\\HP{]\r¸\\'\\	Ag\5w9x&V.Uu*f\n\nT\\Zӫ[\>z}՜Y?W\adFEp,dy\\}*%b\F\kf#)g;.F^\&\h\Jf\VQjr#\"IFAj%ȮnQF@\)\I\\ܤ45\ne\(\M\'B	!L\\ScT\!*E%!\0zE\I\\V\=\~r<aa\0G]Fjo\Z9\\\\\\U);\%̛;\#\h;Z61+w\r@|T*e\1\\hm)=R8\mՍbw\B\ZO6>/٠\'\p,H\x\\,whp\s\"V|\\\Nki\\?UAuSgjf\A\!\\ʭ\\\u;_2TN\T\0G\#j7N\yu]|oY\=;$we2\\^5\v7\\*/Gw,wxd\<\0\\\	꟡>v\\'Hr]\D.i\hw̟O\\\\c)=\6\\E؏\\0\0T\\;ٱ\u_O\B\0gt#޶&\a*O6m3\0	\u\\.Pp\"Y\ӺD\R\׍o\V:\\U\f.No0:T\scВ<슭ru88xjR\f*=\0L§\~$\Sp<\\O\Z#E96\G[I\\N#\W]\b.❴q\'0\06$\\\\\=*hwF]\{\70\o(\)8^s#\\|P\0tG\w\-,/\:fr\<sgħ\㻘\D\ ⥧RzL5{f\=\JnpG\r<^\0H-ĕ:\\nl\{\\:\\U\\\q\0#\nb=\9\2\l\h\\69v\\=\N$\:kf04*^\!<-$\\\5P&v0v\]H\cMѥ7\.\0	X@{Cֽ\\Is\O\hj\\(6i&zpNpR-\[\J岹\P\l6O\f\c^@\=\{\JUM9l4\\"UcNǹ>\^\\q\r&\=&Dy\sLI\/e\g\\s}=C}PWfGi\"ퟒ~\\aI\"%ߢ\\jF2\,\\\ڴj@\n{\U*5h\\њm;2	WP\\\"TJ:\N]nӂCd\*\A\k১i\0\X\\o\/\\n:&ӿ\$r짭V\o=xiut딮.,n8\z\ޮ{\#@=婄R\n\J[b\0Ԥ\\ZH\\nT\m\"b\ɦF{I0\\k$vڹQw\"\շ=*Ķx\\G\eG\I\\\i\f\\lO\\\kVqɁ\i\*zrk̀\qio7ЩA\?\]\\jUc\rGKAt\rۏj&qIq7\CZ7\/\pȤݐ\}\=\\o\eä\cM\O֚^%Ai\\xx\5~r:.k\ћ_W8~\IK\0mQA>j7\>#\On\*\k\Ϛ\o~\nƈd˴\R\\^\\0}R_\\\\\\Z\:\$Bۤp͂2\"й\\)d\ڮx-mZVd\"ӆ\ncRJ\6\h~v!C\0+9~Mj\;oTѱi\rfQlb\\'${~\\=q BZ\+6\x2ʄvȟbY\0\w\T\-.b=\c{\\@=VV&sgU\`oXn\:9\\Z?\\'\-W\\aM\tI\\\&\@E\sW8\|l;j7On\0.\pe\\ZH^\*.H.30\t6KnI\\r\'\1\KK[\7UZpx\lA~\V\\\4\8E\\r\Ԯ[\F~g\0I6!<N!CZ%\\\\0\8@@\u3\0\S2Hc\@\4$\\\0 \.I\7љ\1\q{$`.&V=\Y\:\Aw\tV\8&rV\*RV\rb0\\$:\xs\\\09u\3+0\u\kj\\\\\dDVV)U\nf\7\n`\s\\\TP(T\nL\\"qHBSR\I\+ͽ\u5\>k+|Y3\5)S\Rx\[\&|-.&\\\Q2\<\v\]\@\0p\xu-\\\4Y\\2\\ZTy5\{5y\)(\iG}v\r\0[\6W=wevi?vM̫uj\\\\\\ߧ5\\|+0`q\\m9u\\\R\\CuMFqhU\l\&5\2R\\¶)\.!\rO\:\\\Z\\Ғ\Js,t\\0@#,*F\i,v`_#\f\g]}a\\&5\@\g埴\5\{O\\n\\"\/qkE\Xۅ]2Ir\\^\Cբ*4\nw\F0\nn@`؈\\\\ÂJ \ȋi\"p	\N_#e\m\g\Ze|8\i,.gI`	w	ݝhxtF\gt\\0\M_I\.{c\q\'Px\ͬW8-K(\Em[\dS\F+[3\\?\{}\:s]=\O\X\-\	\L6ƎА4=)\Bb\gi)\0\\2\'K\?\#>R\#\\0\0^\z\\"2Ԁt\rA\"5\\\M9lz6:-ϔ.[iլ۵\\R	wT\g۬\\~\eA~\iԃ\\z\\\;^0\u8\\N	Z 겶\\ܖYܻa;\- \o\b\p\BGiTq\O\\\ ʯ\w*\<ͼecboqIN\\)\ൊhJ\\X\\@ \\Lk=J\\\L\0:Ba\\u\'Ο\"\\\\\\'\\\\p\0\0Oxu\]d\y\]>U\$iDBHO!$)5 	CS\S\UX\\(.kU\Z\b(\\\U,_N5\Zǆ%%N xzvIg?\\F\:p\5v-@Y0u>\=\tZ֒K\\Z9H,Of9\h3s -5K_#.f:E\fi\\\Q\఻Ln@\'q\$W)\ˌ\Iv\"VX\0D$˻FZ\m\s#a\C\UY\r$O\*!\/q\>!6j>\۴ǪWѫqE	\f\-\\'\\n\'\8OSw䕫\0G~~\0RBT@@g_tSyjd\uj\_r)F>7OwޡbwC*rשd5U\\\A&\AXm\G&_\0\\\ii\'\`\e\\\0v1\s\0q>`5F_\şс9\+\ee\\N\~P~)	mXH5Ǐ|}SE7R:ȁ\lohsE\q\U\P\OxvTܣF9\):BA\u\\nZ\0\\J\r\s7\h#3\Z	[\\OAٚ[?\-TڔM\\\\=\\Z\\	I#v.<4qb\\\VEV\\娅6Tli1<1XӅ5\\\6m5=6+L1ͧ i\GI\@ڙ\0Hd\\g/\c\R\oi>F\\>\S<\"h\b3Tq\Z8Ǳ%rfQp\\A\]&Ql܌\.\,5E\\ǔ&̒\0Obc;\U)u/\\\A\;?;EOP;E&@IW2\\9l\1\RA\?ī1N\\=GkuJ.&a\\	)\\\	>p:\Z\\닉[sy\q<	Qo\09#~D\"5\\ј7\r\Ni\\\l\\`\0i\"\<\a\ذ4\nL^\nC@RP\T?\r7\\Z\\sj\ven-\r\\s\eK\\\&EJo{\Ys̏\UM\:_y}\n\\'ӡWA_NI	>\?SS$\RETp@51\r\rL\\\n/\liφ\\r\\0x^>ƣk\L\\WV#\\~\n,:Ā\0\\0κ\\\_لzݣ<3_Ľl\H.2\<gA\ZGDf\OmMh\\?QK:UZ\\)\זз\\0C\Mo#J\\4>s\L=9(*lڑթ43>\8[mUvpz*\<\\]\\鮍\\R\r5\\'\4a\\^pX;@\n8kڵ^(\\ \}V\hg7\\\\Wt\^դCScZ2M\\t\S ^&IY}\Q9ԅM$\x\ʣI\L,WM4\IVPU\neM4\\=Bؤ)+prLSR)\'\njuH\\\U\Zy;\n\j2\\GG\s\\"\ο-[G\7l:E0ԞZƹ\zb\\f\m&\\P\f.` u\U\\Ss]yl<\"-k꼋@kԭHA%\1q\aXq:\\%š\\%\Cuບ>\cÊM\\^3ˉxX\5\\_f\E\\q\X.W-Sf\Z\V7(@7//\V5\	]\$˕	\\n\ħ\J|K\x\\4^%ʽj6c-G\|P\\\\H\l=G\\c\L\d$\si\"\\yW)`\9e*5\yi\'+(\m\Z\+uqF:QM\r`\\{Q3\"g#)ת\uj͍Fvh9?N[\S\\0ɰHݝP\0^@3Q$8\Z[p<L\\\\\*PG\\Szy?\'DΓ\N9k`\0\\\T5F\|O=\0u,1D\8BOkXJy{\~\5\\r&չ\\%)\\\0o\^\7\q\f)[teS]T`7%\q\5mYߋē\\CSP\\\h-D\3f<V\M\Avb菆\=h;叉\KbҺV\R=,s<l3\kk\\\q2\I\2Ǘ\\l\Z\3ñZ8\^#ݦ\x\2ޢ\\|d^{԰\i3\|Oyp\\G\09zxJ\\t&ܭ\<\\P\0\II\>ke24&\ˆ\<ϊ|9+Ր[\'迳\)ow\\(\UԤ5:\rUi}\M܎J\\&fg\\`b6&\~i\Zn	\r\"g\\0\\Y3.3\A0\	\\~}\'&#\#UZ1\'\P4\M%|\I]9U3\$\\$\%T\4:\4]I,*I(\k!\$\MZݥȞR]B*T.\09778\n\HJέ5cl>\'JMۣScSU՞jZ\R:\0T\\Zܭi\ֳi\J\\Zj$\\\\Ti\0V\y\Nc6Q;H<gI	wi	\}RK\1~L\*<g©\0\y	wj/}ٌcvF/Ww43Ĕ\9O\V\$\ab߾\\!ǵ\)\yq*#~Am1/ݕDiI\\´h֎{Z(S[$d\U퀦\=\#\)`ݣvxIK߄rM\7iw\A\v\]K\aM\~#x\.\hݩsd\&\Y;\"yCPi\+dK(\n{ڔ\쉕b2\Ӱ%ȥ\rD-lr*	\Y\jQheM,R\r\R\[\Hm\F\(\4U\}\I+grnBZC\cL,+kp	iFcn{I\-WY\\+{KE]FW-\uP>)v02.W-\uPR\`\r\\[\\\Z,\\R\a\rP\-\u`J\b\rvBF%p\']`\\'eknB]\UOde8S+Sr	\\\\ʑ*\%݄\2]b6CTaZV2rTeRB!;1TڭӱO\n:)2@L͂!@%B%B\0!!	!@\0!@\0!@\0!@\0!@\0!@u2\\','2018-11-25 21:41:26',2,NULL),(30,'Procesory dużej wydajności',_binary '\\\0JFIF\0\0\0\0\0\0\\0\0	(!\Z%!1\"%)+...383,7(-0+\n\n\n\r+%%---.-------------------+--------------------/-----\0\0,\"\0\\0\0\0\0\0\0\0\0\0\0\0\0\0\0\0\\0>\0\0\0\0\0!1AQa\"2qB\#Rbr\3Cc\\\\0\Z\0\0\0\0\0\0\0\0\0\0\0\0\\0&\0\0\0\0\0\0\0\0\0\0!1\"Aq2Qa\\\0\0\0?\0ԫ	UҬ%Qeur\SWl\6^ZxjͱZxaVj\ko++{Yf>ﮈ9\\\Vv\n\u?\ZXjݵ\\Z\\5\&R\\Z\\5j\b\Z\)(\c\\\u\u\$\\02,n\\0\\a&H@&\7Q\Fee\FF9\\\YٮW\AS\Mrg=?k:\FǨםE5J\8u9\V4\\ZeƩ]5nWMeEksS\\5]l#j\ژ²hJZJQHbR)(hJ(\0(\0J(h4R[\VպfګEQe\<5ZHQ\0奠A-Ll>fw7-/m\nBZ\b\SDA~ǵKL\rs\WCMJ{9?u>B\<YAr so\'J\\qk\&a,4\4sμ7n\\@t@U7\IR\0Ѷ\?Z\nG\ʟfRs-k\\je\EB\AN\\ԗ	j\Ƶl\\Տ}+xRZ9sW9\0\\\\%;\هCי\k-{7Y\|t>u͑\'\:\KÔ8;:> 0\@#Mw3ʡk\Y_v3X\n\\Z[1!O#ø1V*\(uN\O#Q\\vV3.e̎cx\+)\Ԩ\F\UjSeS\rY{u%d\dtDQHДR\@	EPEPEPEPEPUuZ\YTDn\]T\n`U6^+S\n+;+[y!lj\;>u;\Z\\"A0>՜%\\0#HC1Y\ZQ\\Oh\o\nA\s1\\/v>\:\\;8әU-Hܱd\n\;]\\\E\t\u\\:JeJ\\\:jcmF\xlk\\\LM3@J嶬\AB\\"Mr{\ŎM$Li\Z\Ą\\\0Hy\\r\'\\жb#1x<h#f1>\[o\\Hd\ \밞Ưb\\K7ԑ:\r\)%\\o,c|u\\b0\\UI\1\㌢NP\{lF}F\W_i\}I:\\n\c\~cbS\M飓|Lu_)mGj[p?L\?d=(\\d0\\5q뙳$\o#B*X\0%)G5\n\';\\o;V\-\\\\su\6\y;t&N\Gg=w\rTٮQ\Vn+Yhqg>\\\"+B\YgTQJE%#bQKI@\nE%(4E\0QDPQE\0R\Q@\ZV\ձUkBXQA\UeCU s\<:\0d `\L\\0#5paK6\\P\\]\ZCv\\C\O\k褒NFsU\\.E\H\\֘.\\+ӯ)\+S	|\\\}Yӷ\k\{\Z`\P_NCQ\Hpvb<6>rT\L;@mW.Zl)>.=≝FQ% \\>\FVطp@e24&:r\S1ں\d/(Fk\\\e\:\NU\~,\0\\0\\"H]\\04aZ\\\\=ϻ4\":?ki>Z\l,\nL\^Zӕq\\`9\ZJ<A\r\"c\wz\\(\0jGS$\l޶֙@\@0\ͷ_B*J\0jL[$\\\0|K\f\\0\\N;ab\.\\gH\]\\0P5F\5]K\.,\f-㶋lhHͥeY\\\۷oa\\#CraAv\M~\\fr\tvY\/oN@\!\\߷3u\^{ڥ%,J:\&n\=-9\`\Z	d\K~/\\\G\\\[\e\>U\ϧ\ޗglѝ\ʊYY\F|\\x\0;\\[\\ۍ[8ev\5@1\\BJ\\"N\Z\\j\\Z~]j\\&14Ď\Mx\5R	ڦ\a.\ YZHY\Z.f\)vcbkk\Z\\rtݕ|,\0\rY\\\\cCIK~g3O\\\n\AqD3\LL i\:|@\@޷L% (7) \$:J\r$L4M\5F=\zk\\ɖy3O*\\a\1c)`6\\\Wb	G/\\\}\0.[֭\ptӝSt;ElAEP!)f\0ZJZJ\0(\0\pvV=\Wmvԑ=\\A|G8\*\:\aS~\f5N\\0U\D\Zf\\̛u\ZG0cG`Gw\9]\r\V˶SQ`x\uw\\:yHV\p	v\'\ERY\~1u̆pu浓v\Z\2AS15e@LjH\'l\V\5\Ou\0\Z\KirN\T\\g\$\\\0uke\\\\Z@nyH\n|\r=mc:od\\ZPu\F\0:\\\\\\\\H\'QC\0r\\\1\\r (F: SYM\.\&\"%³1OƵioiQMğquDh\Lv\\k=\\\\\\\.\0\\Sv\U\(dP?F]>\\\\$\u\\0Drc\\1!bZ!s[mL\D\r\\\\*\"\\ |!!\>Ue$fRۉ\+\\0(\{\\"d\Z<\\Z7V!A9\ W=\\G\\֨ζ29r^Kܸ\i\o[K\r\1pj	\A*I\J\#B3AkqlM[W3ZmYe(fАs\\\\]Ő\|:ڳ(in2;\A\ kV\Z~K`xZ\LN/<ʒ\@\]øEKkAA%,-\\\0Y\\1\{22t1\A\061&H\\:V\\\m`3cGh\\{Cxv\\x_\\\0XaC_6S\0yp\0e-,<ډ۹\L)\0*\\r>\0ʲ\^rWK5)TȮu(:)\5\6\00m\-5C\k\-v\c&eՠ)\J;@\dWF\r\\P\\fW5iD\cxsA:G\\{K\mTdLDP\\\O\Z3#@NpTΛV>]-t\\\ {\VOǦ}ݪLq,\\\ٺ\$f=\4G\"ĭ5\0{\%\I\n䑨\^Nj\>\\\vyG|\\\㠘z\\'O\ֽHǋئr\\N\קZ⸵\݂c6ٔD\לomYuR;3J\Z\\*\n{M3!<46\ҡed\LJJZJ-Q@%-%\0n\İ\\;\\֨\\\'ҭ\\\/M\\I#+]´0\G0HVPA\r@\F\ZK\BJq13\Za  B\ՓG\zb\\#~\0j\\*\dĀ@Φ	\J[[\?bJ\S\&Ij\=-V\\0\,\r*āyoķ\Xә@#Xf%y \\e8\І\5:i\\&\9.]\\\\XRJ*\C\"daZ\\\\_\	XAtڔ\s\G񥶓=\带\\ͮV0Ǚ\0\ga\^/-\\\nC\a:Ʀ~\\*Z,\\C9\<\\CYEb\\=\\\ۼ(\0\1ST^X\X3	%0ZT78+U&g\\\М\h[\[v\aE\)\"EC\)܃\'\fw\\Ch\AUSfD\\zz+{\\@\l@\q\q1\rr\'/\؈;=ZrHz\j\/\ݷñ\%`ňoN\py\p=#qx;\\\0-O̩}\*!xy\hˢ\	Z ̙\\(@\0\nʠ@\Z\oC\=n \\\ʴ>ūB\\0*ēl0#cv\ɏ]5\0\\fD̋@~eqL{ǂ\"w\0W\;\\}ҙ\6f;\`b@U5G\\O\u\\\rK#RF\\Uq~Oϗ\\){411\RʫQ:.\$\@\\\^~\\\\5m\46PI\78\(?\ܿ#V9`x):B\;Js;Ty2\\}˼l\	&yӰG\LM\"\\07n I\\;t\ڱ-߸߻@d\Qd6c;U/\r*\Mr \rTְ,Oll}#\žg@{opߵUY܆*D\\'MB0\'sKoVgahf\\/\\c\\%U\\0vG a\0\"6V\'oK^l\\owStγ;;\s8Nv&\'xw\SM\nsJ\ A\hj#pv\u\0TΆF\Ok2}Z\\Fyu4\'M\q;N\\zs:x0Hi;\T4Ơ[$\0\6R\R(\0QEז\*\6\zL:CsZL;Cm\LNϲs[K\:\5bۘ\\\\\\uym)M\'\\	v\3\U\\\0\\\FbDfd \0qq3hfUtG9M\ʧ`\\\jcytPwe\0\Mu]\K&I \);z6#S\\.Q}\drCy~F{E\\8 \F\h,\Z\ά`QKV2\!\\G|\\Z\%X\\0$|M\SUE\j\\Y\\\\\A\0է\{TW^5: \'~B[p#ǨIV\\\n\F9J\<Eg\Z#N{yd5-\	\Yo-R\.\٘(\Z\\n)\Y׺\3\-\orI{#BJyh2\0M6\0i\-[*]\\Ir\nqk\n\\-\̥9eZ\L\qh4\\tC]a\;n\\'5\.[Y̭d*u\&\n ^\F<$t#H+&\\k7\r2\vA\N\#C%{Fwf]Le̚xLF;(qhۮ\d\\\!k>\\,\r\ta1\n\}~Pwnԝ~f|RIWH\\ XA!\#-鹙\"[Vـ+\n	\\0`:c&\0:\FAEwV\mH\{\.v\;@\V\\r|\\"z:f4\8WP\0\0F!\\\S+k\g\nn[+\2M\0g]r\\Zi\&\Gke1 WA<UwO9u\4ga\۞{Ai)驈\Y Ku\ۖ\b\)]_#1\9\\ǵQs\0\k-\<r򞣽L\FR\,=\\0x\8\r\N ,mtW#auwGar\ߥW7\@\3z~S\\.D*B%]#\;:VuK\%4ed&VGB6=\֮]\$\0J\})4Bۂ97.uϚdxuٚ\$r5q]Oz\:@\s11ڵ\Ҕ3SiO/\(\u\L\Ƒӝ-%0\0\ \G@	4R&1)ͥ6	E-@\Z\qd1\nf`\\-\'ԭuC3d:$&w=ꊶǥ[a\\eI>#p\f\RZ\\nS#i֒яe\T(*ͱ5e\)^\X\0\p\\\\nA\1߳WU,\Ώn\hC%\	<H>	\1K	`\Tui\G}\9K9@\i\ZI:\ri\\\\L{Z\\.5\Y\s\b\J%\\:\\\|c\\\yN>\\\\Jܳ\{`l\\\Ќt24R&\"QXػ*H*Fy\?n\ruo<:Z5\0vYK\-/.\kj\\\"\0e\Ѵ6\'p\\^[Vm\\TysE\ݩ+ðC5\\s:n\t<\n\[G=\\詄w\rm\,\{\W6r3.C*a;\_Ż)CK\'(3%@\Ga[\|U7M\D\n\Q}>k1\Z\&\쥍mΪ\0o.U,KR);\ƈv$TX_ZEsx)4\n\\0I<eFX= L\ZC UgE\0Z[i\;d\r,\\\I\\\PܻݹS	$X\"rǈ@\	\skdƓ\\ľrƀ\bG8\&-ʃd\YNGU\OѤ\$\I\\4D\X\@\T\ו)ZCnH\0ƕ[qI)\CU\\N\\\"><=)SMjL׃(j6nq\'\DCH\r%L	ӘBԶ9\7(i\ʜ*Wҭ0\r5*:n5\\0i\s^\wn\ܶĲ	 \Ҽ\0\LpF:\0E{7\\L\2cb`z^Lq\M.+xU\H<r%S&34\v;2\0O_\\\\ZGY\\cWQǚF7\n\"e\0K4$\rN+GL\\ЗxgI$\;\B\[Dh\\07\W{]ُV$Ǥ\]\<\gV\\hyQXe{X+\"XOz\\םS\<d\\-[VPɛ3;\Z\\Z|u}\25U^!X\\)Sp%\\H]\HQBLOeo]\p67\\\MnXy\Q\<=`\@\gcE]\7\\RB\I\\l\=k\Z\w\5\)2\3\\w0\X&\y\Rz:\l\nkS\\OjC)\\\Lqb$\&9I=\)Cޓ\-O6\\06\I;H#\HҬ{\V\N\\0eY3ߵW\(\McjÝs4pL\$ :\Jqn\VSMI@	E-% \n(\n(\'T\HnYzޏX\}?\ʨҧ{U\0]6K\o\r\+\\\\"\0@\Eenk\\E\yG\[\n\'[KE\I^\r\\\L\\k1ެb\\Ҙ\"]psk\Z˽tcZGZ\\==$\\:f\=j\\t\I\[\Hvv́j\g\:j\0J\7G-\\z\KP8\~01\]Һ\\.yf\/\\J=G\\\N\\\\0w\\Q\75o\+\NE^f~\=~At>\\\n\/PHIbD&-+\\\\%\=\K\ٝ\;6\O\=k\/iE;[V\\0uU>f=4=hpٌW.`U~ \\kU\rɳ\\\N\5*\&0jF5Zq!\0Jvs\\O\h	\ZU\'E?Z-\0QIE \n(\n(\n(\n($oz(Ɖ-6T\d#\~tQYe$nքfI1\0\S.2ݲVԬ4\ZI$ޒQfr\ǆެIԪ\\Ӕ\j\\ [@2 	\۱t*IKn\\"\\)h\"LMY\s\x⢹\ E\'\|?Rk9e_w\@\\\0\0(bL\\*m\DJ,r:\袐\`\rN\k\Ziёhi(Ģ)\0QE\0QE\0QE\0QE\0QE\0QE\0QE\','2018-11-25 21:41:39',2,NULL),(31,'Płyty główne dużej wydajności',_binary '\\\0JFIF\0\0\0\0\0\0\\0\0	\Z\Z(!\Z%#1!%)+./. 383-7(-.+\n\n\n\r/% &0/-.-----/---/--+-/.-+---/---/---//-///---------5-\0\0\"\0\\0\0\0\0\0\0\0\0\0\0\0\0\0\0\\0=\0\0\0\0\0!1AQa\"2qBRb\#\r3Cc\\0\0\0\0\0\0\0\0\0\0\0\0\0\0\\0,\0\0\0\0\0\0\0\0!1A\"aQq2\\\\0\0\0?\0\Q()(@,R!\0HL$\0\l\%^SO]\\\\'&O\'^\\c3E <}\Ŋm]y#3Ne,|=%; \nxV(0O΅\gk\Hˑ)\0\\\Z	=XM*otFk@\\=W>a-H>Bm\\01\f.p\\$5k.\\\]\\@%\`6\|\\0[\W\\\A	dsom\\\\\՚*\r\IZ\\\|q=4x\k\E\\\\\\"!\r4໖\" ݑ\\\\o\0l\\\H\ib>\Z\\\\dI\\m\YSԦ\ik=\\\rt0AS)tF^Bgb-F\^M%V\8ڴrR&\0\4\0\UU\8S\\\gxc\\{yNOKط|D|Op6?\.GE\0\zY\Z\ФHB\%\"(@,R!\0H \-cᤎZ^Ļ0\f\:_Iu\\$4\\0\\y\\\\s :\\\\\Baf\\\ Tady\E^Vx-ppD\-b\hY~1\r9u9s\\\\sz\7s\8\'\\j\8T$LNZD\Z\\c%\\'s&\'\\;jwDzkcÅz`S\\FfŻ\\\)\\!)\<X\}\\c\~J\'	[+k\I\O%̷\sm͕v\"zi\*qI6W)l\\g˥\\\{\`AÆ56*]JY[2\2H\n\\T\glNZ.}u\\ᰵs-[\_Qh\_\\Զҝ)Z8\xV͑\=uD\'\$\.wwr\L(\dSĂ\\\i׃\\Sh\\ZL3ů\wC\gƽ~\\*[KtZ\\A\Zlta+\\rqǲy0$\qCLN\F\I^\\\g^ypڴ{\\r,Zs3\"\̳_r8\\r665\\houhEUmP<\0l4n:mi\>:DCÑ\A\\CkRv;#\yj;\U\ͪ).7\$ḙ}Aڶ3;_\\\V\\\\Yۗ\Uld7Qe\Nh.\	 u6<\98\h\\Z\!I-oyiC(\\k\ujS\'\dI\\R!O\8\:\\<9\\rCC=SUp{mg	\'quY&\hQU\"]ήSI\=2n\&~P\n\0c\#7m7k\\E\i\2G[_\=\u\\*=Ct\^\܋\Ci*{ӸO3R\D*B!o.\Y\ZI:YT!\\Z\<A\"A1\_ϓ\f9\n_Nd#uf4`!\0!@B\n\\0)Vs-1Ua\J͹C\Zll\㕇>\r`K&\0F+\"\{=\Ө\h\\\ʽa\P435*_ś\\E㑱䣒v\$	\"[?\\\ۇ3\\jN\8J\\\'+\0\0\\#\i\e`\\\u5\\\\k*U\Z-m^\\\&\n\X:\\Z	\r\0h\9w\U\\)\=<r\\ZX13\/\wĶr\].n;\\\\BFH\'EJe\KN\o<ċ-K<W\HvDW\u\\\"x\\ϗD\(Lh]\"ć\"\0F\_{w\\E\~TE\&g\uY#jDcil\\nTk\\Ú\M\cčN0šLsr lECe\`M\Z_uu\% Kr]ޛfAnO*\<.2\r%\\%8.ko\\  s\Zr\0YB\;\Hue`\r\\/2\ƃy\k]3Gј#\\ւiߧb\-DN\u\"\r㹘\\\\\\y-c\\NWh\,4\$H&?\>j qiy\\pz+85\QMriq@\nf\ic032IDz\\b\\\dC\#\\\"\Ik\FCMQ3\0s	wz,:h#\c粎]\'W%D\Zd\0 \\\0,gV\oJoE\\=`=\\VZ\\\0Fuh\wSAq\Z\y%t?]\=A\: 5^zr]7\\q\0kL^O\+05\#C \\\46X雐\\\vܛණ\\l\0\\\uNqA.p6mBM\5AR!\nB\0BP :\k@r\m\vV\rP:F햟Co!.r),]\"=ƖXݼG\VU\0Õ\ii:t=6Ti<,h\\N$Le\:\2:\'m7NavŠZd\l\%\\ov\\\]Kk@r\_Q\o\z\\Wf,I\Qh\\\r?o\rY\{^\Y-os*o\\d`\\\E(5(0HG\[TORCDtZ\\ҬbE*\0#\cI\qkl.	r.q;\.\*\Zby-m\:hNG\\(O\\aۨ!\\k\rbcJ\\'M<\\}Uz\j$.1\y\ \ZG\R*\\\Z\.vB|SiU\~[O\?CMSc\\\\H\n_v;i_sI?a\`2ZAcCukCc]u>/8e\\OSp\VgHi&wH1FU-\D\zK\R;ꈠ\٠8I\>r\trP\rr㟘 |+`fd_\=6bPn؟Lm6tT9mz|܁\ZXź+V\\\\ZHv3f}Ui9\lZO9p\'P\,gkiLZ#VN\ٌ\-m \\^4Yj<Bܭ\~|\\\\=\A:\\BSa%\\oOV8a[\0b\hDU\\#\@!\0!@(BVLǀ\Xk\iH\\9;qjbH\}\Q\+\\6\o00ʩ\Wqu\ЯT\0W\t,Ud8zz7t7g8Z$Li#a`?~\"\\b#`/\쯄\E2lsA`i=iQq\,cZ줸~Mو\I \(\H&{\\r\-p|\\܋fBtT\\\\d7C\bi,tQ\-SG(\E2ֶǙ?\*\\-\i\5]b+\qy\6\"\\\n$ƑϜ\hh\-d\bs Ej$^\.ad \\\8\\(c\;\\\\\-\Z\]a=\\=AIZ\5(\P˲M6S8)cis6K8Zz\\.\Z\\ZݮFh\\Sb)7]OXϑ\'\0Z\\6j\~ɬ\o$\o\y9^Y\K\\0T2\yi\W\\ZS&\\%,{?Iim]|#Nk\Z\=+2\\5ORl;\Z\Tng\rH|\j&r\ȫ/\3\\c[`ց\S2&\0\#XG4\\\|@\k3t&Ъ-!B\0BP )H\+e\fڃ\uP\\qA\	\\\.Ũ{\\Wa\\"Ff\%D\\".P)Vm&\\\y%!\(8\;$\Lz	=c\\"A#\lW\\`\wGSvN\\\\d\f\-k$\0c9zE\\۪k>}\\ZeI\'+L\mӢ\	(\+\%ޛ\rwߚC;96\\O4\DËIapջ\\4:\[h<UV0-\".\r\\0\I\W\b`p\'O	\0\<G\\-`.j;\&}m5\t;!kqd\\\\k4並x\n\Ѡ\ܔ3\b\"$\\}ӷ?\1\˹\[}ipR\tEJ9m\r\\m\Z\0=vҦ-N\D\\\+\"mݦLl	1\\\B{j\tAd~1Ѡ\TLn\\'¿\TI\`\Z\4d\\\dx,Ų\L{\\^L\\/\li\e:$^f\'C\\~ϵ\ٲ{s8\\=5T掦\"\A\\Ҝ\>\\"\\\~J\\p\\8S$Aۺ.\qs\",	p1H\\Tk_\m!\0\t$\IJ\qiɿ\͗V\e(י\iy\_wo+a3\\\9\\s\,$\ZmLI2\rxT\\0\\4$[EVj>%\\Z$I\of\#Ҏجu:)x.\`ݹ\?b8,x.[i-\'q.lr7_,#K\\`\\F\\\ˮ:\7N\\pwA\p\\c\F=`\~^\\e2\8؄ډ BP )H \* \'^ .8gя>N\9Ti\0\:||MK\A\{E\Z$Öb\0\]l鼅tg\rAs[Lp\\1\OMDh#\˯g{M7:@r\y\j\&\\B\'(jP\\,3\ܒڏi\h\0ә\Z.\V`d`l\z}07\z\!^FK6\.(BjoاΓ˿\\\%\:&#\\MW\lŠ&<E?sM\\|Շ\u<\\_<x%\KpMFXFT~\Kr\\\9vs\QM7\r4\p=U6+ڶЬ\\\Z\z*$j(\N3\v\r\8.`q\0y;\\-/\r-˭\1\\b\P^P\L\\nlE@\\`p`\0\\a\R6\\\K5\DFPf`Zz\\\";FfL\Tn4\\M\7\\{\\\ \=\@\2&풩rSZ[7F\ꢛ\rªTvPtkyah)=ش)\m\\\=\fd\n\\N\\f\ri$\\\\oֿpZ\Uֹў`\r놂@}y7]\\'OkY\nW58f&\rP@\\=\\H@\-3+\"Ө\Y)vAӈ\\?hON\\f\z\T9;P\09\MAS1r%[6IU\N\\#0ǸC]\&\\\\\X\f\\c\\0\0\9s\8=p_H_zF\p\\\Z\MGt\0rh\.nl5Q\\'	M\VKl\\p,5:r	k\\\\2	\o?LBr\qN\\B\nD\"\0B !(@vл\r$R4WEg4\ZI\0\eഞH\~Q6\u9\6t\KA89\0\FV\?ŧ@yߚ\\\C\\\\\;\"\h<@,ǄH\+X_a\\/$\wm2=?c\C\\k|t6A/j\=K\r[C/v\0\\\0D\7j\\\\&\\\0RajSt^\"GHV,Iu*Z\0\\r\\8\?3i\\rt_\6\"\0nZn)\7K1x\:\\\8Yi u\0U\\WMG=ZH;ߤ~j\\\\K\\}Ӵ\&	2eô\\\|\rq!Jh\KSeB\s1!$\ wLM\\C3Ue\'Z\\\[v7!bb\m{i\n.\#`I\0IiNa\U\٪<L\\5gK\KA\[.\MY\NhuV)\0Ź1\k::(\ĈkAs5A>B\"<-_\\dAm\0_mi6\\\\h\Ί\\\dhnb	p\$l,\4\5K	5[\8@Y\r|Α#\7O8\o\eV\\X\3\Zu\؟\f\,ֻ$<0%\.\+\ǨPW\\x\8÷.=\:7\\kPkVR1wڕ\ގ3\\\AĹ֛1tNIv7\^4f.\'S\\v \0\9YN͂ʄU\\fI3=F\_\\I\? 9t\\}I!Rݚ\	\\}Q>F~\nΆ\絎,a\h$43FϘ*w\"n\\\\kd\\\UEC:ـkN\~P12\#FW֫RB\0\0\0$\rusa(\np\m\\\r\l[E\:cN1\y!\H@B\0!\0\"PcQ>^J\udfqS#o\\pS\\\3h8\'hsQ-iH\\\A1Qe\R\\\\UYÔs\[DNŋi	\K֛37\Z0\䵳1\u=K4\\IYֳ]6F 5TLF\q\\.l=>Ҏ%d\\IgzE._\\ pNlY\Z\\p&+x$2\7\\')7p\\b2\7O=\/up\eG6*CL\r:s\\' 8\\W|#	xخܹ&\\j6ISI\0\r?\(\\pƃO\b\lkf\Z\v\0\x}bZ`@L\ri\\xO\@\'[ڣ\R\M\hk\K\"DL^:}\*U\\1:I40G@\\uF&Vqo\ˣd}U\\0ě\˧󃥼\}?=R\\y<,\0<\0EA|O\\]Rc\7w\N?3<\\\r>?]\Ho3\X\\:X\8\Jc\ٵb3e71u\=>f\\0gOIml\[\ߟ\qj@KYA=ΥE\lnR^ᬞ\#O8LF!\2\\'\\6M!\0@\"R\0!@B\0!\0!@B+R\3Su\\vt\i\t^\"\\y\Ksb\IUS8g}\mtp\\\'\U\\\0;\\^5J<=:pEb{Ճ9\كr\k/T\\ZZM Ç6»\x\Rl;6j\{\yqh\\%EmjZ9Z\\Ix\Mo\\\\`qm]kIv|CKO#{ΰ.\0\\\-\r\ˋ[b\/Q\E\'\AH&b\\M8\ZZ,	VP\Hr7E\xw571h}6u0\\"Zv2\ZHЕ\\*tQ\39\\HxLb9tS\qbʆp\\\E\d\\\v3Xj6X.\\ĂDrSxp*Ri\\ٴlmy\E@\qpc3\=\1\]w2o&QUb\&$\0#\P\b@;\Zv˟橚ؒ\h\C\̦Itd+! !\0JD\0!\0!@B\0!\0!@B\on-p\W\QI+\v:<\quNi#u\苍\ac\4[.7݄M$\İw5\r#Lu\n\r\gvf\jZ|55MOuMŰGiC`\k$X\A\wQ\\'<kCKlwL;P$\;z*jv݀4h\	\0G 9\.H7aE.VTzDI$\h\\?m\1\0~\;\\G\j	>CA*VɤqWo\0c\Q	^\=IÑi͐:\wF?h}֘D8z˅\\\GzgSp5C;sE6\\\0|n{oS٦=m\K;:i5h~Z\\/@ؾ\i\Z5Ku#9Nc\\\um%\Ң\Z\0TH\0\\ޑ\\<Y\C\\\ѫE=5D:\\\p\q\Ff;4!\#N\\np )!,\"@\"\!\0K!,\"@\"\!\0K\0+7\\Z\4;\y\x\'B޽r.\}\\W\1E\(;ϖD n\\3K\C\\\9kG)͘\i\aI\؞\\\f\Z8i#q;\Aӳ\0\0\	p@Aiϡ)h\V,\.$\\\\>|&;\0и\r}D\\ZM$m51T7ᚽ4zG\n\5\zEqsm\խnu:D;]tZN\B\`\0\\Zt\\&9=\\\q؛;\k@/D\\^22Vvs\\"I\0r΂rRJ\rke\\̴n\\y\w\_m\ZCia\vu[\r\.z\0\3+o\T1fէG\u\\$n\%ӅO\W*\Z\0jOx-zCVkكw{Y\\W\Th\/QIm2\&L\0bl~\b뚄ehi\\\'s$y@B\','2018-11-27 17:37:28',1,NULL);
/*!40000 ALTER TABLE `category` ENABLE KEYS */;
UNLOCK TABLES;

--
-- Table structure for table `customer`
--

DROP TABLE IF EXISTS `customer`;
/*!40101 SET @saved_cs_client     = @@character_set_client */;
 SET character_set_client = utf8mb4 ;
CREATE TABLE `customer` (
  `id` int(11) NOT NULL AUTO_INCREMENT,
  `city` varchar(255) COLLATE utf8_polish_ci DEFAULT NULL,
  `company` bit(1) NOT NULL,
  `companyName` varchar(255) COLLATE utf8_polish_ci DEFAULT NULL,
  `country` varchar(255) COLLATE utf8_polish_ci DEFAULT NULL,
  `dateRegistration` datetime DEFAULT NULL,
  `email` varchar(255) COLLATE utf8_polish_ci DEFAULT NULL,
  `firstName` varchar(255) COLLATE utf8_polish_ci DEFAULT NULL,
  `lastName` varchar(255) COLLATE utf8_polish_ci DEFAULT NULL,
  `pesel` varchar(255) COLLATE utf8_polish_ci DEFAULT NULL,
  `regon` varchar(255) COLLATE utf8_polish_ci DEFAULT NULL,
  `street` varchar(255) COLLATE utf8_polish_ci DEFAULT NULL,
  `streetNo` varchar(255) COLLATE utf8_polish_ci DEFAULT NULL,
  `taxNo` varchar(255) COLLATE utf8_polish_ci DEFAULT NULL,
  `unitNo` varchar(255) COLLATE utf8_polish_ci DEFAULT NULL,
  `zipCode` varchar(255) COLLATE utf8_polish_ci DEFAULT NULL,
  `user_id` int(11) DEFAULT NULL,
  PRIMARY KEY (`id`),
  KEY `FK6y0rqloalxi6r6lpoqtfohp9i` (`user_id`),
  CONSTRAINT `FK6y0rqloalxi6r6lpoqtfohp9i` FOREIGN KEY (`user_id`) REFERENCES `user` (`id`)
) ENGINE=InnoDB AUTO_INCREMENT=12 DEFAULT CHARSET=utf8 COLLATE=utf8_polish_ci;
/*!40101 SET character_set_client = @saved_cs_client */;

--
-- Dumping data for table `customer`
--

LOCK TABLES `customer` WRITE;
/*!40000 ALTER TABLE `customer` DISABLE KEYS */;
INSERT INTO `customer` VALUES (1,'Kraków',_binary '\0','null','Polska','2018-11-21 02:30:05','someemail@gmail.com','Ewa','Nowak','97062405601','null','Krakowska','1','null','1','00-111',1),(2,'Łódź',_binary '','Firma Remontowa','Polska','2018-11-27 19:16:09','janek@gmail.com','Jan','Kowalski','72111041942','658330794','Łódzka','12','8231009471','12','00-112',6),(3,'Olsztyn',_binary '\0','null','Polska','2018-11-27 20:16:01','tadek@gmail.com','Tadeusz','Olsztyński','60052127144','null','Warszawska','30','null','','44-555',7),(4,'Poznań',_binary '','Firma Kwiatowa Sp. z o.o.','Polska','2018-11-27 20:27:55','amelia@gmil.com','Amelia','Poznańska','54040791547','077523360','Łódzka','3','9311266785','3','33-333',8);
/*!40000 ALTER TABLE `customer` ENABLE KEYS */;
UNLOCK TABLES;

--
-- Table structure for table `operator`
--

DROP TABLE IF EXISTS `operator`;
/*!40101 SET @saved_cs_client     = @@character_set_client */;
 SET character_set_client = utf8mb4 ;
CREATE TABLE `operator` (
  `id` int(11) NOT NULL AUTO_INCREMENT,
  `date` datetime DEFAULT NULL,
  `email` varchar(255) COLLATE utf8_polish_ci DEFAULT NULL,
  `firstName` varchar(255) COLLATE utf8_polish_ci DEFAULT NULL,
  `lastName` varchar(255) COLLATE utf8_polish_ci DEFAULT NULL,
  `admin_id` int(11) DEFAULT NULL,
  `user_id` int(11) DEFAULT NULL,
  `phoneNo` varchar(255) COLLATE utf8_polish_ci DEFAULT NULL,
  PRIMARY KEY (`id`),
  KEY `FK3mjsq05gpyu48q7fp421jytvm` (`admin_id`),
  KEY `FKy1v9c78rkkubuwxbkltswoa1` (`user_id`),
  CONSTRAINT `FK3mjsq05gpyu48q7fp421jytvm` FOREIGN KEY (`admin_id`) REFERENCES `admin` (`id`),
  CONSTRAINT `FKy1v9c78rkkubuwxbkltswoa1` FOREIGN KEY (`user_id`) REFERENCES `user` (`id`)
) ENGINE=InnoDB AUTO_INCREMENT=4 DEFAULT CHARSET=utf8 COLLATE=utf8_polish_ci;
/*!40101 SET character_set_client = @saved_cs_client */;

--
-- Dumping data for table `operator`
--

LOCK TABLES `operator` WRITE;
/*!40000 ALTER TABLE `operator` DISABLE KEYS */;
INSERT INTO `operator` VALUES (1,'2018-12-07 22:02:48','adela@gmail.com','Adela','Bielska',1,3,'987654321'),(2,'2018-12-07 22:01:09','alojzy@gmail.com','Alojzy','Płocki',1,4,'951357852'),(3,'2018-11-24 16:39:50','jozek@gmail.com','Józef','Lubelski',1,5,'753159741');
/*!40000 ALTER TABLE `operator` ENABLE KEYS */;
UNLOCK TABLES;

--
-- Table structure for table `product`
--

DROP TABLE IF EXISTS `product`;
/*!40101 SET @saved_cs_client     = @@character_set_client */;
 SET character_set_client = utf8mb4 ;
CREATE TABLE `product` (
  `id` int(11) NOT NULL AUTO_INCREMENT,
  `description` varchar(255) COLLATE utf8_polish_ci DEFAULT NULL,
  `name` varchar(255) COLLATE utf8_polish_ci DEFAULT NULL,
  `price` double NOT NULL,
  `unitsInStock` int(11) NOT NULL,
  `productImage` longblob,
  `dateTime` datetime DEFAULT NULL,
  `op_id` int(11) DEFAULT NULL,
  `base64Image` varchar(255) COLLATE utf8_polish_ci DEFAULT NULL,
  PRIMARY KEY (`id`),
  KEY `FKr2fp27u5cyio78yxot9e6dnyw` (`op_id`),
  CONSTRAINT `FKr2fp27u5cyio78yxot9e6dnyw` FOREIGN KEY (`op_id`) REFERENCES `operator` (`id`)
) ENGINE=InnoDB AUTO_INCREMENT=55 DEFAULT CHARSET=utf8 COLLATE=utf8_polish_ci;
/*!40101 SET character_set_client = @saved_cs_client */;

--
-- Dumping data for table `product`
--

LOCK TABLES `product` WRITE;
/*!40000 ALTER TABLE `product` DISABLE KEYS */;
INSERT INTO `product` VALUES (45,'Procesor nr 1','Procesor',200,14,_binary '\\\0JFIF\0\0\0\0\0\0\\0\0	( %!1!%)+...383-7(-.+\n\n\n\r\Z/++-+-./-------++-----------+-------7----+-7--++-7-\0\0\\0\\"\0\\0\0\0\0\0\0\0\0\0\0\0\0\0\0\\0F\0	\0\0\0\0!1A\"Qaq2r3BR\#bC\\S$5Tcdt\\\0\0\0\0\0\0\0\0\0\0\0\0\0\0\\0\0\0\0\0\0\0\0\0\0!1AQqa\\0\0\0?\0\P   lFE\?d\x`g(H\:{Y\\&WQ(\\k\\#)zNP)\\\\\Spb(|n;\{;MA\0\Qm/0_(cO_\\Y1\a\D\kb\rGjTg\xŹM;\\إqf\"Zok8$w\u뱩ncGiJ}]\e}\\ \\\\\r\is?Ԟg^BaPI\\?!\'\Y\6o4Xn.\^5\5^BBBBBBBBB\0kjQR\\Evnm+lq.b\~-\]g\E\N\\\.#\{\ѾB\\rϷNyv\d٭d I(~\;{|\:\\m\\?tc;Ϳu#yZ\0\I\ы\\\\\t\~}`?\6*p^Uf|P7\#{kM\e\\T5\EHm\0uqFVaI\a\-CTZ\N$ՙ\\'\\	QɌzG6W\^-\4^섏\&`8E[>R0&z)ǃc4\\\@\0!\'Pr\i;@\0`4ۧ/q=N\}\'j\Dѹ5<bh\幧I\#\?בџ\mYp\p\s\`h>l\څ\0Ve\0+\\njj꧉\\'\R纮M-x\\0Rl\q=\\Qŏ.o\\:5\9T`\Xew\\VjW\:MN\ގ\<yFT\쇪F\V*<BE\9[\|\\\P*!!!!7lQW{,iqAr癰4\\{α>C/SC\\2\-\\\g\kYZ3k\\\g\KX@֒t\\\۞=\'Np80f=\T>p\\~\\J\\\	75*B\\rjx䋘`\0jr軒nm C(\I\Ѩ6\K8vI\Ԃ\Zg)^I0;\0d>lLg\\\\\\</\EK\\\&G\3W?\#i>@l\'\ap@\=OORu/E.hm鲑áY1\\N\D5ӻηy&F\'\2|Nji2\\1\\z\[\w+Nu\νJ7:\Z1\\1ǃ\\\qf\\?l*dSq\\Es\#6\y\'un\f\x\\4\.\e\\0\\\;;\\[f1\GQ&{o\\\[\\\[\"(\ZtgyS\n|U)n.\bBrt큧)\Xȫ\5U\ɨiF\F\.>+\i\\k\#\9\5wc/\\۾WX0jA\\a!bG\ĒW8\j%\\w\\55M,lmp\\\\Ҫ]\"\pIg\E1颅\h}Z\\z\Q3;}GG\\\f>!`e4\Rۚ{/\$8\5qDOq4l\\0\(fo\"xk\[\.ёp\h+❂Xdl;\\껔nJ\\oJq@\x$fgiN5\=Si\A\\"ٺ[\z\1}4OvF\|Z.&F1\\\m\iZ\ǲ\0h\OAmt!\\s\O\\Y\_-ީ<Za\9}\fCK\\ٺ\\%\g\\\\_ Y\\\\X\к:!@!A	x\h\:\￢<OǶ:!\`\\VY\GJӣw\ѾM\Oy;\yP:R\0џ?y1\$\5[\B\k{XtO\n>f0V\\t\mࠫ?W;\\ ?U7.i]\W`\&X\+,TN\\\\>Ē@gL$¨sT\\i\wr_b7hx).rB֌\s\5>\\\0\Vm\e\5\\\01@snk\s7Z9U\ꪨ=(h/X\v\\a\\7KH\\)p\Z\ݤ5\lN\sZ\\\\*j>j)$E;2\$\ \\'P/b6\UW\R5\\VI#a\kKO8}~\'\\"4Է\e7%\n6\U5Tqb5pb\\	\.-\!Av(|SXi\}bfW;5:C}C}\Z\\\fGS[^\漀\ָZ\$Z\\rŕN\\\'\9Ùۙ\@\*f\4D\ng\\VS݀vہ!h\\@ T^W\\b,:zfƎڼ\\JOMfƆ聫p	\H=\Z=oL+g\\8\\\\/\\IL\O\\\37\f\+\Jj+;F\0䱞ʺ\}1G<y擣q\\\2\ڃc3я\_\Pܩb0\\\v\;\JU4v\0u+Vޯ\:;y+Og\0_vR+F#B[tB	*\5.q\\r\'\%U#_\\Nr\r\z7\R\DQL\֒oi/\\w|,ccf4~ga\`\\yڸ~%g\\nͶg\q\Fp-,.T|\w\\\\7\\>!Z\bcX\\Z\\Z;\\\\4\ۆ\=\sXѫ\M\Zf\$̂Hj)\\!tbC5ڋ+prATNW6nZx\)G\r\\nk\\qW(\r\e5c[\l;\\CZ\\:\\U+k3&K&v#\=r0\\j\ht\#\&]:S\69>\\:	ia\F1\ӥеZo\o\\Q\MO,	LJ㜵\ݦFQ\zi\|帘a}\]:7\0\O\gM溲\Zh\ ղ\05\>\nḞD\i\D2\$8ȬC\\\\@\k:ɷ?5:\np~ՠ\\R(\"\tc\Z\\\I{I\7()\\c[]/\k_;[^\18!p\h\YX\\\\V v,nŇ\!T\\@\0{\-9\epc\\dc\94X)\265op\M\\\{%\Y\3\w\A0\"ݢ\,R6,\X\\%0\h)Ir\n\{#\i\'I`\nj5\[hBr`\t!skM\\\l+-iQMK,ZޏkΌd,/cSZ\4\'awu\2\\?eߣ\\>[T\'{ϱN܍\{0\J~\I\\et iw!2o\\Xx-4Cث4mf-#ݬX{DQ5\;{\n\\\K1\'\\CQKPMQ%DS\<HA\\\r\~5W{O8%#(3l\\>&BŶ5\khOC\r.W\\+\Ze\lK]6k\ڐ\@a2B׃\g&Ǯ\}\#káwӫ\p\h&䎠Ǌm4\Q\ \0..@\M\N\ױ\xcn \G\\\\0*\"gpU<2g?dL1A-\cs{\*jK\CZ7\\\TG;35\#}qU^N\$]9{\\r׸\+89ZîxjG,&&9KK\\A\`z\`]\Z f\s]m k0\\ۉQG\2\\\fr64\\\GīYRM!\"cq\h$8^Yg\{[\C$g:D9\"3c\\7]a\s\sG+\wh\qq pB\\!##o(b<\\=)?\J\nJ\ҝ\\0\0\3ѥ\r;+ ~B\Z<XFȘ,\5os@\7\Z\3x+Ew\\\s\5hw6\u;\\'\3\\-&H38-_\0\Ш;+IrA\N ̏\0M\w,\\R\0\\\Q\\r[\k!\\u\\Tv{u2\\ZxCc@z\ț\\\\\7\=sǷj\\\IOH7H{\^h\UpzQ[SS\"\Z\\\|t>*\ׯۡ\wR?5k|4J\\\r\DQ\\\5\\/\u		v^\KG<S̆\܃r@\:\\%@36j)h\y\Z0e\\aR*qF6*ii\\F\P243^\\\YY\"X=\0\0\0\0\r\0\0\Ph\fI]%Im#$tQR\.GJ\t>W\fX\*\9\\"ߞ1\:wڠ°)\\\șX\۞ĞҪ<\)p\`$\)ᴓ7^\jӆ\6X,\\\s;\G\Z\q#A,#Ҙp瑙.O\A5i0\Q5\0\\\\\\<6\\,3\\l\\\Q\n\=\'ƛ\ܻ	lA\N\$txϔ{/\ew;\^\m-$BZ⪒g\k\\эk\\Ѵdжi\.\.\\>iY\'99c.F2C\{\Z\wkE\E.\jWP?\qߨ1ZCcd4婍\r=l,\\P]B@֗{Y\U.S1^bK\o{]+\Mn/-[\gx\YςԶ^-a\\\Uc\\'\H\N\|~$)}\\vw{\\o\Vq>߼`eܜiw]\fpSnx{z\*MW\`z\\n}i\!@*)1D\g\1\^VՌrs\\\7l#\'\u³sNfo\\;\rִ;f\#\͊l55\Г\\7\-p7i\ba\r{X\	й\\{t-\ѐw~[\3٣D\9$#g\\5\\m\݇a\:\'e-\@^\\\FV\K\r]*$\UI\\wi&h\Oo\\\73z\XuJ	x]F2K>N\Z\ނF7^\rp\ |\1%g^&\\Va4\R\\2\\\\E0ն ]$/\XHc\6\0\FR\0[\\x\\}C\3\\\\rr04\0\\R\0\N]xJ\Y+N\n( ?B\Z\+I\\riq\ς\#[>\\4\X\(6>\,ckX\\\f;UW\VJ\ݱ\0	믊\q\<\Gk4xQ\_Ru\'Rc;\8kz*ge\n\gvyOal&\\\f\Efqlj gW!S\ZHgsG ,7hc\~|ߩ\܃\b\Z(bC\Z\e.\tGv\Ni#)\q\\ٿl\#\x-7c6\T\\ʖ\0\\\t\r]T)zIi C-Џ\r1ZnR\I\:\0u]\3\<1\\r\r>q\+?\\Bfd\v\)\?)N_F-ĳ\v\Unĵw%;Xd3՘<y:\*\!ɥS5cvFVZQhоH\\0\\\?-3\\\3e>N\0\\\TچT4y\R\rS	@\:\\ӧm\Ke\c\9k\\v\Y|\\\;\\\\I9ZInzMùJ\\ߋHxV,?lh\gkOS\\WhFWo\0%Y^\\\\N`k\\>.\\4\\Xz\\\+\V\.&tp{Cw\\$]U?\0#c\\Նni\Qx\\bUK\ r1\]<eJ	A Aza\v$\	$\05(!9D\7\\h\޸\g\9\;#G\\}*pȮ\G`\}ano%a4B\"\65@\tNTk\r0\38$z\0Qoek\4N\e7`kbo~\.E\/\Z޽J\r˹i\g\\54pZO	Nl\nζ\\\F\n\\\l\\\\Sg1W:=J5g\.\\c\-\IJG|gIn%pR\\\n2Xx~\7y.\\S0=0/ \POUb\I\n\\r\\0[oa\6\p\hp\\nÿ:J\nwo/\4g\>Ĥv:\VY~V\a\rn$)za\\p\6\\r3\cm+l3T4O\$a\IHԋoo_\}\\|\ndyP5<t\\^\\V<o\Wl7JwJ\n\n=n\WGB\n#_Qm+[Ot\w\'\b\\\'\\׶\0%,v\\\\B6\IcOYi\0t\ħ}Hx?b0\v<ֳ\Z.\!k]٠ܟCSMh\0\\0+k\2c\7o{ǲv\r\\S\1V\A$\\p>h\6I\b1S\eF\\\kw\ҿ5#v\s󿛳\ҥ-\<08j\^\\\0*Ns.\	6<\Y\\\\T\`ml\--:=BB\\\Zx$?Bmh>+VE\jүf\0jvyÂ\]\0<y01	N\>\FT\\O,a Aڴ\\n\"f\8,\e]\Fp\Ds\r\0}j\>\1p\:SS \\m=\gQBE\%\V)O>uY75ͧgZGOڌBe\\08fo\N\r\'Q^s.\ny_\IZnSǷL\ /g\*\\@ȏXe\񐐢Cz\Q\Dφ6\\\\q\9nw0v4)H\\Z\\0\\n3谗x\fZ\P⵸\ik:R9MwX\\[\\\vJqH\3Qy\a\ФRT\J\BBBBBB^Yz: x$_F\9B\n:gx+*Qj`u(=KO,	7\4A\l6\l\<	&1\\8pIj;4UAMCj,r\xRWqs\*vqÂp\\)4fg߬?e\lЩ8&s\eh[@/P<@m<\B)\\ UBBB\','2018-11-25 21:42:31',2,NULL),(46,'Dysk twardy nr 1','Dysk twardy',300,23,_binary '\\\0JFIF\0\0\0\0\0\0\\0\0	( \Z%!1!&*+...383,7(-.+\n\n\n\r\r\r-+-+++1++7++++--+-+7+---+++-+8++--+8-+/7-----+7--+-\0\0\\0\"\0\\0\0\0\0\0\0\0\0\0\0\0\0\0\0\\0@\0\0\0\0!1A\"Qaq2#BRb\3r\C$D\\0\0\0\0\0\0\0\0\0\0\0\0\0\\0\0\0\0\0\0\0\0\0\0\0!1A\\0\0\0?\0iJP)JP)JP)JP)JP)JP)JkX{v\Hɷ\z\\\*(~2Z㽒\a\~[\x\:{g\n!\l;FbNX\| NFե,1Hfb6\noΎĿds\c56\lEG|Cţ7fE\\ 7ه1\6\q\n#\<&29Fh\\\x\\W\\X:\\s,NW]?\)0,>䟨4\Ntct\	2,c\!ƖtHR;AЊR\nR\nR\nR\nR\nR\nR\nR\nR\nR\nRv\0\\\0ԓ\rN\\!\ONA$jy6\zo\LQ\"H\\۴>_wktNldXdN!5\"ּq|M\Z,\n\w$\m\4S	\x!\04$_5\n\o\JxT7ޒ?\{\ct\0oo\Z\!QBQP\0iA\\!\ΒG\rp\Vϝ\\ \\޵G&\D!Y\AJ{o^AG\L\\\{D~,koUQq͕@U\rf*F-T%\\>dM\2*\XЅmЛVIB)jO-V\Pp~1re\fe1b\F\H\IBw\bjApu\W#\:	\ p\\2w\\˔\HԨC\/S!hy \0z7z\\]\a\r*~#}J1	2\\rd\=Pه%(,\\0\:\0\T\\I\0\rI:\0b\nY\>\"{X1\d\ٓ2	\exF3nv\tKP\\"\\\H\\3|r2ǐ]\\j-\aŰ\\\\3\:Wiz\T]y3\\\-TlAz\hP^\=[glC=lifLN\QM:\<mdÑt6\rV۔\FfLD	8\#\\}\\i\\tیpSW\ʾC)?zVǎE b\@c/\\\\ӏ\KsHjZ\w\HЃfΪ6[9l\'V?\G\0\=\w8tS.xId`\\*\Gapd\L\fՐE\K(\mA\\\\21B\@\O\r)\JW?K?I̱ǩ/\\ZFA$\\0|j\nJP)JP)JP)JG\0\\A\Ҫf!TI&$\0`\+MI\\mn|{\\	ŦH%@Dti\v@\\h\\'Ñti3\78r!Wި\\q\${\{\>g\\\/i^9\\^\(2\\\7>L0_y\rt5iqHݠI4eR\6\\\2	Tf\r\r;\_\F܁\)P.Ŕ\rXhEh1xv\"Betx\v\w\|J3j\[gkm ߕ\qn\Gf@\S\\\\V8BB#\UpFSh2Y\\\yUNb\\gl\\oR@\Z\ܭ\\jFԏe\\5PZ-A[5[fU\\[\$/ȅO\\\T7\q|J<ݍ\\\n\\X*jIŘ4rҥ\4YJH\M\\ǯ~/a\\\\\\5F7*H!T\r\V|T\ZFf$\I\'soίbuv\@=A\A\\#BꙊ\\$H؛O}e&\\ZE_)@)@+cc6W336@\c#6W31P7$\7\Й\\PB\\7\'M M:sduضDwr6O\yz\m\;LO;rU&Dk=e2&s07\=\a{םQ\dǼ&=40HB0|>,$n\d&\4\\\@Ѝ_\X\n\\\!e\n\7F/\n\"K\^A%;J+(\^v\W\2K\#\0\\\}\\GcS\0jd\\0\fbB\Ot\Y6X \\\x\\kd_;^U86\LL\5Ժ_{_QA\\<Ξ׸\w&\5\H>\ZVt\U\\\\k*\V*)b\M6MT\Z(HKPr\\ٵ\n*\ /1,}Y~s$\uy~;\.KU\\I43.\fI\Z\2tÊvg*~/\ak({TaS\\'L.\CUEى*\0FODz2ꭚy\G5\A\"hVIo!o\lMθ^\.#6󫥹\͕\6Uq8\\M\0\Һ\};Y2kPI\{|Fp\\H	g9@ݴ\0y\\"Pk<\C(6#`tg\7*)JRJV\'\1a\yp1\SA\\\o4\4f;@\rM|\\?OX\'v#i%/֬\\1\[TO\E̟\'yl>f\8Lq3\\)c\x\07&Z~\\fМ\Sl*a 9\@\j\\}[p\͇$q\"\0\\"Mlަ.\B\al\\\o1[\8ʌM{\ټ幦7Jw\aK\n_\I\"f\(U0bI\0j/q\\\-{i\\c\h>\|I\'&\n<|>`\_iP\0Bz\\p\,\{6rF\E\@𵹨6ZWY\0pE\Z\b\\L\^\^f#\~\G\.r\0\&$}Cz\\P`\r\\[\Y\:Į\\%%\\0d؃nW: L8\P;\ \n2\0`ڰ\H-\C).F\5\Z\\\JJRnI\'SA53U/AQ5\5M\\h=&\*,\\0\;\07&\bU\\0\0q\~\2V!޶\K\oֈ\1\8{\n+\DW\>.\'$\\Z(\~\Ѩ݉*A\;uK1\`\\O5\\#1,۱kԏ:+uҮM\\܈\jMμ\\\RU]]BcqKQ^\f\i\\uP6\\n%{Pkl\}\\o4\\nR\nR\\;\? \0ݘ\0\Zh=\\N,4O4\4f?rI\5X}:%\\?C\r\Kh\\a̟z\iqϝo,\m\#\l9\!&\sTU4758[\g6,\\Vo`\+^H\O\lD\jF\\0T\DaT(\0I6<\]޽EQ(#!:\gHr\L \0y\0PD\\\"f\1\"(nI\$pKPtܘ\\"\B\ȇ٤\[^$+%.6ȶP|\)\nag,i\\oxWQð8TV\0\09R\s\Ț\D9 \\\^\X\r\6\xVFI\\0l\@|l\\}\4\\9i\\V/Tq\"7=+\I|\ :h[mZ):N3f!Egu\~\QU\6n.\\\O\ngbf!Vǖz\d J\|*\Q\mo}\2\3Y\'*\'\0R\\D\!\joo\n\\DG3\\Fsw8\\\'\a\\n<yZ\YC[\\.\U~j\\\\5sHI:M/A^j^sN.\<X\\\j\c]\\!>	w?\wY\0B\\\!\.*5h\J\~\Oh~l``?>&wX\^\嘎_+\cX*\71\"0,]\\2=\[\	ڈ\8\o!\\ϙ\dsa\p@#k݉75\\SJ\[|6Pu\[N!Há\Xrw\nM\\t-\k2;G\~\R$X\P*\P]D\0\0\0\0\04\0\rJ)J8Jƥ\\\\\Ͻhq<lf\!L:*э\\yHɑ}\\⣎y{$xB\8ff6 o\SQOzA\n\(^g\e\0j	a\ƨh=Mk\i2\oYB\B1\T?!K\_p\a\kuy#\\̑ftCI\^0\Ua\\7|\K~AQ%yƬL\c~\u2osS5Y\bEX\\\r\3$]\l\\|I\Z5\MwՆ\\[\Zke7\A\0mp|A:\iŞC\0Ue\\\'ҹ^	\rc=\5v*\c&9o؋\avN6ӕG&sɇWΒd`\$Z\/}Ee\\\^KGdt˝.\n\F$w,܃B{\\0kH\Gy!m`fc\\\rKX\\﯏g)\|F\Z\\\\\J\\'^w\\?ddtBc\\~h\܏f>yS6\$\\\\.%5\k7;\rӊL4\[<\\\NT\> lݸ0[\O\<%\\\7\'\w\O\0X_ڱ]\z\\A\'\69foX;I7\VB\@\EĻ}B\Ė#j\\XF>\\\&\Z\s\xre\0aۓEA\.7>牂8emE\Dw=\"\\eD\'S\\\*\b&\ەy %nI\\n(o!љqbۺ̟\s|;8F\Z\f?T\\]\r\\X8=X\\\\\\rޠ\\\Z,$	Y{ݙI:\ƔRR\,\|\\\?\ZpǏEb56d>eZ\;^\nXK*;T _,Ák!>:\U!16IvOt\'0\'Ҫ~\\r\5\]\\\w[!\"\RU\I{j\x\۴N\7\\\0A3hG=55\\n\\,E\\*}RS7P?\^\02lF/C\Z\ .\Гf\\r\'\T\VXX\0\ZOF>X\W7\ \͒^qJ;9o\ٽT	\aX܁\rԯ\\\\%FN\\)]\\\Z\i\2XʙpYl$X\Z\\x}#Y\-\>\O\3\.\CA\b\\QJ\0\\n\\\Cƞ>\[\:RϬU\\\$w\l\\>7ѽ|\O\\D\oh±\1#꩏NTH\C.Ve6\N\EPF?Gak\Z\G\]չ\\\˸[\0\\0Ag\\\gJurET\G]mS\U!o\\j\\e\\\\P\\{\ε1cse\A\V]WIz2<\U\"Ll\\eǝ\o\\ڶb9\\ckiic\:T\z%\\XyUf,=؎@؟\Ψ	\nvπ\e\6\\oj\\(?\V\Q@+c\\E0&|\\n.sm(ԛ\0	$\0$rNz\\\Π\]v={\m߫L\7i\Ju%ܨ;RIWJT\nR\nR\nR2\XxB\\C؋Hk]}\\\\\¬\9 f\\XR\2\ד.#fvr\f#bt\W\z\JKZ	4:\6>\Z梦3]\ h{T\X6V7\Nw\]q3X\81\mjL?@RC(\+ٗVRbcDy^\ї/zˡz\V(7Q$E6\\\\\][[wM\ZTḉcc&ä\:ცX\G&v\"2H<N\u6\k>\cg>\"$Z;)k\r3\:\\Ң\\vE H\\X1V\\\cur],\ǈ\Pr(,o\%\ca\\+\\)\\ty\\\\2\ab\d\}ǯ0abd$s\ڬ0c\VG\Zj\k}c\źmV\_*K\r\UީQ^\\E\\*\ng1ʇռ\U\E\>t\\TΌoJNt\\į\!(\>\)\ďo\ŧґx#a~\\\@)@)@)@)@)@)@s}\'\f]6`sm\r·K\t_մ\\\EDj@&\\r{ݎbj.\	%f\#|\ƾlf)E\r@e\r:>C\ \Ze\"޶z%y\9\\H\	\9yZ\9\R\\<D%^rm\Vrq7\@$\q\\yVD(\6TٔXkmڵ\a\M\\r^7\\2=iTO)Gm\颱\T?*f\\f#m\\\\c\\_j\r\J}PPOI]\\p\"jka\Z\sG\n6\oO\|\K}3\`؈bT\>b\X&\~\\P\\\w\RLHrCy@\\n\z\\#\Gd\\[\@@\Pxa\VGV_>N\`W\n\;ny\\]GѰBU@\nX\04\0Z\\\!Fl\0\07JRJRJRJRJRJRJRJRJRj\qތ\1ki\G<\p|C\rkoJSLJ\`\W-g0\|\\\s:\wŰ+x.\eh\\Z_>~VcpQʆ9cIeu\(>A\@FI\3\\\څ\s\\j\\.u__A!@Ƞ\\l\j.\[	.ȃH\\yw֪8gKlAʼʐ\H#b	zedkt\\NU\/\uEw\\䱹:ܛ<ϭdX\\CjmG2Ag͔r,y(\ZQY\\\B9\I{o\g܏:;@xȻ;b\X=\\\?4\Z\G\FrwRRRRRRRRRRRRRԥ7\\,\\qQI:\$\Je\\mSR\&\\T,\\\\R\\\IM\`w\m*G\Ӡ\\\\&V\\h\Pq\Z\>@[\','2018-11-25 21:43:51',2,NULL),(47,'Płyta główna nr 1','Płyta główna',300,41,_binary '\\\0JFIF\0\0\0\0\0\0\\0\0	!\Z\Z\Z\Z(!\Z% !1!&)+...\Z 3D3-7(-.+\n\n\n\r\Z-% &--------------/-----------------------------------\0\0\\0\"\0\\0\0\0\0\0\0\0\0\0\0\0\0\0\0\\0I\0\n\0\0!\01\"AQa2Bq#R3b\\$STr4Cc\⃳\\\0\0\0\0\0\0\0\0\0\0\0\0\0\0\0\\05\0\0\0\0\0\0\0!1AQR\"3aq\\2BCb#DS\\0\0\0?\0\p/v+\\5Җ\n`tL,V\0[ݏ\?Rv\0,Xm2;SN\X]\-v&Uia(>Zp\0k\0ߵ \pDVJ\L\\b7\0\0\\?\n\\\\,V\7\/\_\\r\\e\\k\R݉/\`2$ \:\ØX	W%\0pVa*\U\0f>\H\']\\\n\3\n/|;\n\gL1Zn\\*NnT`B2Z-\zK\EuPjk-(D[m\$|Ǝ\\m\"q\(9\Iyoc\ \t\e\\\fO.\\$UԲC#\`~xlK\jXX\W\7-H\0j=\"\Zc)Z\0*\LTHԷm\3P\\\r/\0*mh\\\TJ\˥i p\\b\~\)fQ:փ\\x\xn\ϖ\t\\){:\T\x,E>wy\a+	$\N\\sMծ޾\ݔ/eR!tgc\%\JuP#u\r5&7Uf&\ÐoO\!Z\\Ҷ\!ەf\04lS;͒bȢX4\\n\\\:L,ViZ\j\0@b	>\[YXXXX\0Xν!4O%U\Qi>ЋZX\qzU*u\jDxbI X\c\0,\f\&[gcn@`$\%^\eZ^\MTAI|lVo\S\\s\Ԭ\E42i=0ae\HTA\`5RAP\OOB{kPEݝK;{\\}ZB\j(\n\\K\\HZuQQ&\at0dR26\\Ӫa\"PW$Ѫ&WN;T\2Zbf5@!\OA\\\\z(+j%\\\n51\>\,^lT\nVl=0	U\07:J$\\\\w\\p4\ZO,I$,_E?\"\\Z\z`,\<&I\	e#\]u\Z\^@!n=p\DS\L༕t6\Ck#2\h\[Tj\r^7\Z\\r\\rs\{e\N)im6\'3bu\ia*\\>Xó\0j?v&,IFiq\\C\'縆c2iM!,+SF*mFAh\\\\IT[939\n\u\\RHWhU\T9&,\&p~l+\m:\u_$hP-\"v>_Hٞ\eIwĝ\\}F!d8M<֢\Ti&.m\ĕ\\V\a渊@ӘA*,*(\\Xc\0\]gub\9\\O1\yŶ\Z\\0Z5l\C͈\kG;H\a.wS\\oـ}	͘C!Li\Ѱ\'3\\]|[\0\s Oȝh\?hh%:\`k$\n\"\@2<z\\"ۊ@g3Ts\"F\<\0ݯ>\Y\\\݂\)=	\\z5IkIa@\\b\\eQ̭ZX\\9=\7d\ñ~\\\\3$h\\0\\\ZKy\Y?;+\\z\3U\\u(X\'Mkan͝)FƦ,枦nA:bd4mj\]ڦ?+\|#*\\0\6\\k\.B\9i;\\\\g\[+\D*\*\0\@\H&z\0Z\mw{\\"@}k\\\\i\Nb\)\|%\~pc9\n`\`\cf\0	A#ݛ\j*=2DUI{\\\qW\RRC ;7\\\У\5&&xQ\3\RRKB\`#R\r?,Y \UR5\"i܍8LhٸN\C~bُ8p\󬲺<5Awc$nT\\o\xC\ӽ\&2_Lt\~RQ6\Q\LXQg-12\f\r/A7J\\\\p̩_%R!X \0.~\K%UP!E{\\H0,\\mD\o=?H,I\!=J\aޣT&b@\0N\8\3\'|uͺЫ \\okpGf.E-\ZIo\\E\,F%d+n\6,;r	QK\vU\2N/>,:]O`}k&j\n\r&lJ9Zq\-ᚊ\O6\Z<zab**\趱u\܎}UJk(\0B>\0LFLƭ\\\=\\'\Z\@TW\Jbڧځyb[)\*WsP֦UF-L\\\ᰜC\\jS1k~=\UTcKt\q8X\$,O]M\\ncqʬM*\ 4\\%AXi5/7!<\\\Mi\mLƙ%bQg\\t7\\v\'%R\n֪S\ZH\$cL3Ǵ\9a>ٺ$\0`Ss[ٛ\\ûX6y\'Tkҧ\P\d؀4LԲi\\zF_dk#b\'W)z\\u*\~֛X( 4\\Xr,+\;(sL*\$@ \O.\\$\I\N^_IQ)դ\q)(SԞ\\f58ʵZhj\A\df\\\T\2ԫ\aIU$\Tit-\\f/i8ze;\I\\\eA]jA:D\$\&,Kj3$iRC5c3\\v=dI-\sJ\d\\\nYƝrP\`TE$#ݪ|JfE@&\"l-}!h\A\n$y\\>UZ曓$=.\P&TQk\JUD󱼖:fh3j\[3y*P\rDXB\$N\\\#\\\kRP$\'D$S\u^6(\<;Sm:\0\0iSoA:kZpe^ѺdFt*GR&AbRvΒ\iUV(\ZX\o\mR]I&\7;\\rdr\rU=\hy\"	um\n3<	#T,$A</\CzwVF\ZHEG_`\]aDOK]AF`v\gu\",+5Dx$j&ӿ\\"xjS~SօB*R\Z/4槲yw[\\X\.ܺ\-)Mexz	1aaab2\K]B:c%\UեQ@$ f\~X\&Q3ѝ\\\ҭ G1:\s2/G`ƚij-#\\0f\W\xY\'NA\T}A@\\-u({\H\ZaY}ޢML\̆\\'@𷀷Ī\"ٵ\mM\N w\(\\QB\\H**(U7R#yb/\hիNGZU`c/h>?\\6\\\Zj`\ZD\[Ckĸ;fmM]Q5\0I@6\'{x\fZ\C\\Ϗֿ\0\n	(~fn\`:|?_8W\\_֪\npTj4\KwEH\-2IM\$(\) \f\n\m$6ّ\M#mn;1\Z4X_\T}\\i\0\E8©\]\ujP\ךUՊH\u\Zo~o%zIȅ\R\QWmE4nv\r\Ӛ9o\:/Qj\Z;\0$0v 7\lqkTp\\\\k0Yr\\0>\l\\ԋM:X\ՋS[*ٴCӥ`_\\I\0 /y\:4\KP\qgV`LkfpO9H=\\	*y\q@ʊ\\5\\l|\\h\*\L\3\"\	a!)V\\h \ZtΔM\7\;^*H7\\"|鱾\0΅aMZ,8Q?兗\\\ݙD{\\4,?9aߥгdI$Fwm^\'RQr`\ȒMɴ>8\r$32<\mkMF\e\e\b\aZ\v!\lb,$?$\\;=B\}\f\7A\T(oBD\"bN\1]\\z6	v%~#h\\ʵ./L)\"$1\	,\d}5U\Zyk\H3\8IwIRpZ\NFD\xagfTM^]\Zd*R\`\H3\CAcnũwj\Ex\-\PI@٭~\\rGmDBN\c\dJb\ʲ]nt^\\'~C\VbӲ\N,\R\\[0\)T\\AMI;m\p\`6O.9CH2sI9Po8<\J&w*.P\ˑ \Zt\'p;\$\4&,,,,17T\_/H1\0(F\0uƳ\\/\n\\ZJ50\Ĩg\\5{\5!\!Ԑ5+8`52\0\>\#f\0\\0jy~\\+ke3o9\AF0GH\s<\0g\U{	{Iyjw֕\\\#۾\,Hz!&z\\BbZ\\\ԎdG\\\\n-AiwK\y\bJMR\\\~\)^SJ`pG\NuF$} ^kj\\Ta\\"a \\	h@_l\|Z[:\E[CQ0\\5\8cC\DsH㎲h 9,V{\xwc$w\V%%4\\h*K7\ZG+<3ҩC4<ɥY\L@ܓ2& bM\rqtAuo;\r\&f8]*lGVWA\Ẑ*6QRbܵ\\\\\\\\+P	b3	bN5j4\p\B\k<a\02O\f\0\E2\\Zu 1V>\\I,\ct\\ұ4\r4Y\i)NQnN7֜xu\=Z9ujN:\cQ\ݎJ2*.\Bѱ=D\w\\W:Y吰9m0gi\\z\\r]Hj\V\VK\\\|1\v)\EGfX\\$3q\ݡ\\OW\\\f(+Zn\1\\\'@T4.WH`\0/{@\yIVm&`	Y\E)<\0byHE\\xѢPvQS\x\ZؽΎ]\\\ve\r]t@Z`_\IRE\\C\49\ɕ\r\6\\'\D\Z\]\\p2\^R\J8b\"\&\go:\\\gRteR\P4\\\Fi+U)\Za`j իi\쏭\	/tCb\&\rV=&;ᦼDw/\gqgE\2T\UF1\ZH\c\0\r\%\ZtHz\\ZS\"\^4$N\\>\q\\Ԧ)2V\xb5IU$o3{0X\e/+ZRu2\fOľ\f˂\D0tɓ0\nØ33\"$sNʅ1\\0`L\\,Pn\S!ZD\RӖ*\L8\"L\mO\Ii\yŸQ\nz\'\VsO?͸\\M</4]\bA.TRbk(>\/|!A$V;nG.\@- R\"\㤱銗\\sMRq\oo\\s z\CK\_Y\	l=\Ǟt8\[nRO.Z\0=\\|\lqGf,,,,1פ^9[-F\w@(\:\\ngT\>x\qW5d4{\\"\\T\\Z#No1ǉqP.@(\\Z\,\ę3de\nzG4\u\\\t\Z\SyF\\j\\@,Ē&\0~X\0wzN\-A>\\V\\\\Wc\D\\\Ԟ7\\\\R*E\pn7üHHC7.i~\0Y+\V.	d \6\ z\Gj1Q\\CL\'|zbnNZJ?%\\\A\\TY\aDɂ>$NyLNdNSqJyp4U\0\غU:\m\2,\2#:L4	JJ\\a@ 8\'j:\sEհ6\+h\)\=JSTY:o;\-\Z\\\\\\TP@d@p\G\&:h[u.]\V\\r\b1\A~ސ\0c\B\g\e\Z5\>\ݾ\"v~\)\"\d*\\\`VVezK\ ~qwPz\f,`Y\\GJ8\A\ޱV[{T\\Zx\Zp\\0\*?4DX)\0#\0?<i\#\\\<ˑ\spUgsx\k\\\0H:\ N䏍[8h\\R\\\\naIvR\\X\vOSK\o4\0\LC\\JMUHcWv5n6xsAsǬN\A2D\0\LiJU\\+F j\" Z\,4&N\&\0I\1\`#}\\Z}:FW/\|c\\ȸU2|\W*Ҋ\DI\\\"\I\b5$P4\o|\zkoyѤ1߬rP7\H,GY\iȂ\Ft\q\\	D*k\\VA.j[L7\u1=UrB9\Et\K<\3N4\sh\$-fEwXb%,l7\\h\:QZg/˩\r\00[\\\q/wZ+Qު\ˆa&y#qu)\\\\D`Sf橤DF?(;a5jO`QSV$vI&&&DxcO\㋧\ϼ糵+!WL3oًWl\\\cTabE6n6\3\'\%\_x/Z1t\>V J\wum\LǜcX\ _Vs\+\\3\ϩc\r \B\fMG^\0L\5x{Č\TXW.T̞\\\2S\\e6l\\vB)м\\&ۈ\i̽(\CQ\\\\FP[\ Ok\*\p˒533#D.\~\m;=\}O1G0\\֚\`o+x\'H\\5`\Z \\n\.W\\7S\"PjTӠt&o0)5\ST]㋝i\a\\r6Σ(А,\r\lxHً<\!,GȂ \H2\0W\`M@aX\8Q=\-7<p\\Z[9V\H\0\xӽy`O;LSenT-moo=\)K\^\ِ\+.\a*4\T\,\fj\Eg\|\l5\ԅ8\\\\=\Xx B@1#9\\\hӮ4EptݍLH;/Ӡ!B\Ԣ\\\M\[Bs\rzY~\eƝe݉(\4S\JcmfT\\\"3t\Qy3\,nH\0ሼn(̕eX:S1I7돼OR$Ԟ >h7\0M#]UF #IMǗ\1.w2\Z\\\Z;\Z70\kG\BXX}态\gժs-\\0\\01*X\5RH	\Z\r\=\\7\\Fn\Z♢g9\O(\\r\3yqT1V%eA\nufHA\"5MI\_qQJĭ؁\:\LNv\\ju*TJT\hUd$)MB\h\h.c)NlMJh4\.\\$\\I\-a_/߻\SI*}\\\c\ڶaj7r}I\8%\n4x}TWZҩݼ,Q׉\\\\Zi}Bv5Z~\Z\\l) XGж.S&\):C4oky\[vN&\\0n:Y͠|\\Z\0\r#\CV\\\<\[\nZ`\"<\0\T\\l\\n.J+d.@l>\'ɽ<\Ka3֝t`yc\D\ۋS/\P9\j\B\\\Lj\\2\~\k\f4\>\vY\'Έ1CVsV\!a$1c	\)eC\Z9J\\\Z\G\\\vS]dʋX_l^2\S\\;hI4P^\֘\`КI\?&BL0i hj1œ=I\ kBRoh\'\+/1/K`i\'\cՆ\Tq+N\\g\[u\\X\\\Ae\#\czǟ\!2f\P\0#Ǡ1\Z\,bޚ3fnW\"&,u\ߖGM\N1Li]C!f!@N\0\"vWJwiA1%WV\0Ɉ&\U쓿Ӥ\{Qɒ\҈k\\9U\TT؆BYf\\@\#s\Yjՙ!jY$\bT\#{\]JRsE\>It`\orMɬ\e\#yP\\>\$\re9s1\"^-\'p\\\^Q&\D}`a\=\:*\\l	$3̿XwvJp\Zx\nYʆb\@ܒz9%P-M\Jj1yo\w\BUs\\\D\\D\z^\jVg\\\\A\\V 2n}u\0O=\\h:} Q\K0\0iH{\҈\6?_a6w/8\< \\&_3Ny\nDL\P;8\JY\Ti0I6\ZOQ\lճ\{\0w:|\\0\{0\]r\I\t\c6\cD\)`\nZw!\QW\r\\0`sq{`i\CLߙkȰ[I\Z~ *>lޢh\\0h\\\k/#E\kHC\0RAԙ\r$ȀNؼR+\LVG\fnO[f\/|\YC\;\\1R\5\\R\D;\ZP)\ZW@\R\nNS\\-@\Z\0$\w\ݡ\4\>\_\\6~_x7h\ʊ曫Rf#I]:M\"H2w\"	I+<\)G\0\\\3\'\h,IaG4*\\)F@\L\\\\\rN:TmqlS2Z0X,Ɵ+\\Zju7\olVh\?=Wg+Ne\5\\ؠp\RAJkr&, xl\QW\\\4G`lv |F}B\i\qM5;\Y!T\_\ O\\9\ԴREV(\fr͠CA\"	7\v2>b,#8\**L\T|\!\	Y\\'mqXwk\\D\0Y4\)\\o\n\n40\b\0:ߦ3\nK)KU\\Z)=\\\b\k1PT]@S\]O\\00(W\ˆ,<>wABǮ\,c\&\?\\\\i\㯼C5>V؂f\rsn\}U\\(q<Ɩ\\U\;\\TW F7\tðfPӫ7I SZ\><ٶ\ZI1L\ǥz,,,,1hEkSLu#A9 \	q\\ÍLڵEY\\0\d޸\\\wj\QI\\u0\\q7\#*jjTU@\\\\ha!n\\100o\\\\|\<¨gV(( \\r,@\ף\\\\Fj\(I@alE\k\n*\\\\\V&6w\n%K+\\0x\w\rE\\\nmv.T\	U\ڐy\\'A{{\\o\\NN\{畛yH7%\0\*f4\nS3$7\0rlގOݳ2!\\M||GN\8	NZ\gV]RڄI}\Z`\Si*O3TkCy؃1_\r\n\\V>\rR\y@\\s\\(i/A\+Z:Kh\Z)1\\9z`\۟;D\@/\'ի|\'Lh\_\?ǻ\|7۩+\v\ga<CLe2T\4p\YH}\\Zk\Q\\0s\\\\q~#nT\E.0V\t\@ND^\5Z4j\N==kV$j+\Z\\8 ;๜ZE\ѦjfXc\"\ZdۮXn@\0<|z\<o/t1Ӥ,KH\0E-\\\tf*i}e#H܂<bO\\vsT2\Pԇ\\zu\na\I0f|*m\^ģt\\\d\'~EW-v  \nqg\\f}nTGTѥˁ\0!,Hbg\0\"	b`\\0\\\\c9\P_k|@?1=>tWh~Vu_\`Ke]y\{7\ZgM3=\0!\::h\\Jr\t3+KH	Z\0\\e\0)V!?\߆8\B|K_\\ݓ\\\wFTeM,\n#P\\[\<~a\\vc7k\l=J\\\E\.e\\0Tz?c\>?\0\V\H\O\t\\B\NJLK=\r\|O\z\$\MVOYytŧ\H\a\\~t\<:\>cTX\06Q0>g\os/O\\\"$u\b\j\U\x\\u\>\^\\0.\\}\N\\\jfUK\L\xb\CS\j%vR\t\\$\s\5B\"E\\G-Q}Z`Ŵi& w\\\\ǩI}Cw,Z@[P\TX;zZ\I\\\yw\I\\$\\?	\\1\/_p\0=1\Ņ$X½/\!\\r\&D}<\\;3\s\T$L}R\"\0ɳ36Yu	Q!&\E8v_/VlWkժHQ$ʹ\\\\R\\fa\R̕Jr(\0(\QkȞƳ\Ve\M\v\ƐE䒬I?\7kb _\'\jEjy@I\> ^\ξ\+\gU^T^\\A{D[\U\U\UuTjMJm:lp#7f`ktIWD\ٺlS`\A\cQ\fqdr\z\a\1\n\}\Lɿ\\nl3.;|X?\\01pܣi*1 t\0\&$^|pYzsyJS7m\|\A0U`4\T3\e>x\;U\P\\R!\5<9u\"p\eQ++jUlK\Cf6 1zi\\'JըvK5\0r`u\ݘ\'\I\y\g\\+D8s˨ Cy\0pwv.\Y\aQ\D\'޸0szA\97R*+s5ʂ	\\\ؘq\r@\\N\PZf5@	?[\}+URur\ncBAu_P\gT$jOWL<Ρ\n\M\\0*Us+ݑ\"ȥ2\uW\\d)=MQ}VS\"}\Z<Yq\zLF\\A$	p-&\T\p\\\\\\\Ď\"\7ȯ\\\\\'\R*:~\ar;R\zk\'\\5-h\>	~\\\iwy|㇇}f\'/tAcV?\\xmh\\0D\\/~vs\0_\0\N8<ëx7\~\\\x?O\\\lqJt898<\\d\F\\\-_\'O7\0g\\dCkr\\\3\'\ruQ21r0nW.3r\0CHc\x/Tr[\AQ:\\0A\\\nFTTk+!`>ű\.,Q\߀\#IqϑP@^B+\0UDi\m\`	\0\\0!|$lno8\\Z!c\rh%\N  Q`f\\\NUSIV ]2\\\0HUҨ4\{YAR#\[\N\*9\\\TJ\\#lB,\0WD\\ⰭU\*p`\0\\"\\0o<3\\I \0\ni4\Bj$!T\"\",\o\\!UiLj\,\n\z^N\:}\\EXWI\0rD\g\\Q^LDԭ5\fa\\^\[V\T^j\\\R\0\>6\\\52\j=-j:\nnNیJ\Yε\\\SIw\\xtrtA~\8Y\W\Z\6ew\\\f0$\W\?r\6Ze \\cl\\ԩ\r*\\sr1%H\>8/z\0\ng$\0\굶C\'g	8\dDdq\\n*Ι\Q,\9&`\p\{?M2U\V!\(tfIWPbI;b}\0O\;^#TԁR[xp\tjKPi\ZK@ӦX+(p+f=\'h,es\|C\iD,7	\#}\=\ 5]YI`A!vb/qpvEn~uPT\\v\0d\\D\0HF\n>ǡGlG\0u\\)\2b\Nb\\n\?{\\G<\Xi\\C8\K\\\\6:\\5?;\c\GM\88\\:4\0돋Ş}?䧄Xl=x]_P\ L(\5M̋X㼷fSD\Y\T䟳\c2\[W\z)Ѫ54:K	.	XRL\2\	\UVA\ \0m\E[\"n\fVtiթE\AS 8\E(d\"I/\G7N\Q\\M\n\0\0F\@\LKjU)Z\1p\fd]\*\ȓ2-~@=\d2\%Z\D\\\Dpc+\\\1@\";T\09\`\rLH\c \\`o+W9\\"6WJIM`\5ZGW[Y:-?}\]߻FBYڰ(\\\07.MtNIO~\H5@\Dk	\n@yH \0[?\39z\ɖtJ\e${3}@I`M\N3Wt\\rUw$b	r\^Z\̛_Ήn5څLr\zHm0\H0H\Ly\\W\\"Z\̟|Fpq\4XXXXb1HIw=@*qD\-kIV5cn\kڎ\\7\\j\KP!S\?O\0eޠ\G@\Z@@m>q.4\թS\'HK/H(\z\^_P\PU`nvz_\`7[\ٗ\+V\\[Ra\╢\\F~o\ikl\"LG\Obʎ$?m\NW\o\$у~i_\T\mU6\&ʣq%ˮ\\?\0\07\\ 	*\o\,#cl[jz0\eGج̟O\0<|9OFR{\I\LOC?jz+ҚiL\*$ݐ\r2<,|duF\0\\r\rFz\LoL藈\Zh[pވOaP\\0WAS\	:jZ\\Hyj\Pm4ȅ:C 7\|l^^\"&VTWį\\?\%ҝ?FK)BUT}\I\e\|\J\٣F^ᶦ2I1##诉\0D*+z8ⴍ6Z4\RI\t\\}P&a\Tl\-\n`\w)w=\3\\vuժ+բU\`\Aqy\seңH\Zu#\\\\\b\jTDAUL\'\{\g~\0ݨ\L\\\US-Rޏǻ\\4‘˛\|Gї,J.\;+O@-\nMK*\Q\K\\9\nZ[^aCH\w\'\<$yzȈ\֟OGP\y\z?\\\0@\\\5k\F\P\fʤ\\߫\w\%j\ZX\L\er0t\\+\{\@d֨S2\n\0oo/<\ZNg\`^\nInCƩ\\\8ы)+\qɗ$]F\(Y\*ժ\Uرn&\\Xl6@\Q\TVmm`o\:I?\\hk\\ \{\4L\Y\'rgپ\;S\k\1z- `_|t\\_/܎~_\0?\\Z9Q\0\!ܙ\0hnX|6\YҵJI\`{Xwe	y\@XXH3ovg-FJsjWX߯\\\F˱$\M\n\r\\橴;\oWcFW,iޥ].$\\\\.\>\\Z$\dca\Z@m\"B\w\Yԭ깚0\\hL\nzK\Ӣ9i]\m\Sbfb2Hⅉb ܉=5(S\W9J+óR=N\j,	gf 	-\Z\\r\','2018-11-25 21:44:26',2,NULL),(48,'Jakaś pamięć RAM 2x4GB','Pamięć RAM',140,66,_binary '\\\0JFIF\0\0\0\0\0\0\\0\0	\Z\Z\Z( \Z%!1!%*+...383-7(-.+\n\n\n\r0% %-5-5----+-/-----+---+--------/------------------+-\0\0L\"\0\\0\0\0\0\0\0\0\0\0\0\0\0\0\0\\0>\0\0\0\0!1AQ\"aq2BRbr\#3\$CS\\0\Z\0\0\0\0\0\0\0\0\0\0\0\0\\00\0\0\0\0\0\0\0!1A2Qq\"Ba\#3R\\\0\0\0?\0\h\0((\n((\0((\n((=(/\\\̀\\d\Ѣ\'\\mօ\\\~\1lZtʠ>5s\)j\D\\\Z9aS\lrkH\qv퉸胫0_ΰ~\v\\q-\=\\3h)s6ff,AI$\N\+N9G\X\`\'l\Nru\\Uw\l8\,Yv$L\Zo\ǵeXLS(L\\\C\ȏ0\r5\\{\9?.٣XDkS+ڷd\"\00RͤR|ܟyr>!\\n\\B6\I\\'uܴ@R\A\t\b<L**HF3#u\ҥ$WZ\5uWC*0=A\R&\\¿\kUS?hUGٵR\n(\(\0((\n((\0((\n((\n);\\\0~\y3?IUgĎ\\0)[ڠO\m)f\\eB\IS>uX\|YķVYE\U\ri;؄A.ʣ W\\\\c\؆BB\b^\bM[a\/ckb,~\{_\n\۹p\0H\n+]4؎yk}pim;w0jհ1\KF\}y\/\\e{\MdA\xb\K\\0DiQ\\\\'\?Ja\Z\5NS\\'\c\z0}i\\{\\\E5\`Fr3H\vzk:D\J`\N?d\/\fGV\Z0Z\\\O\w=G\ON\+\r\]\ɶ\\#\p|9\X\M\ɑ86\db-+\ʫ\9Ш2\\H`nZ\\<t\CO+]\ZCWMD:\r$\ng\-\ea\]A3`gHzv\\}	!L\vO8\\P\\c\ne\O\}&7 \ޟڟ\\l)\\\\\c\\Rk\VGF\žPed\\n)l!Ո1\0\zO1:0v$E/4{\07\h7J\k}\̀\i&LA\\ZDo#^𸅸\C+\0\G0D\\\&v`W6Z\x&@y)IyY\y	+^\EPQ@QE\0QEE7\c-\\W]\ݾXk#]\3\joŭ11\\P?ZOX(6\+i:#TX\l\\\Z\0vg\5q\bn\+v\hl\R,\:\\?N\kw#t\\{6mҪK⺇d\\˕$\\}v\e\nP>{#oJm\]\%ٴ\@\\r\ޭ\+Hc&\\Jv02$|\\K\\\\&\\U\( Ϫ\V\\\:\\\saFSSzjp_S\\ٝ\s4H\\3\\"\(i`GX\\\~\Z\\\u\A\MLA\]L\\\\Y`\\\\Z\Qy0\\\(\x\jz@\W\\\\^b\0!\\\$[T\\|\'C|\\d8??N_L\'\\\W?\\'})E\IWu\tkDֹ+hUN\\Һ\ \VF1{\5\]I[I\Z\w\0\'Q4\`H\'C\r9\ۚu/mМ\'\k1\ ّ\\)\zG9\Y33\Ƴ\\"\rFOJ\&>\eeʏ	@I`Dj¶e\"yn#\`|s+H\pC@Қ\,۩\Fe\0JɧN]o>}\"t::\[[֎8 6P9Ci\M	(\3K\\KDͼlD\f}kaB\\)á?5CF\n\u\0{R\nmh-\b\0D\Z6\~\׵)y4kmDP\%Y\RV8\Y\<\:fR\WSI\\c9;1~\t\#A\1\"b9\9PMC+C09Lu\ \U\\k1x{\mo_IQ\\\\r4\ʽN\\.ZKoE\n[i\0Г\Z}\-c\|MU0VV\0:i#\\^\y/\[RcW\\U\0>F\a\\GW@m\Pw4\_sS\)\d\npRaETQ@QE\0QEW_5ֱi>NPn*K:V\\0Dz\	-\_3/\rEa\pNmw7-0\HՠA1\0\\\\zt߹t\pv.]Tfc1KLhfԧ\F:\\:A\\"܃\i\r8{4G6n(\0xc\0!\'y<1z\\x\8!\L\?\r.7vnݳd\1\r\rH<\Z\vĵ\\m\6RFGCW\\'uK@lgEh7nn\\	\r2?(9te\\Z\\"%\\&ڐd5\X%`:m	\rPO\@hf2\v	*:td(su\0J\ğ@!Aw\b`j\F]^A\]L\9\h.nBA\LUۜ28\n3+-\P\\F0$1e\\\Yn\wmZcr5*\'b\ʧ44)\DNR\(\nT3m ݤ2+\\0\\+9Ym\\]vPJ\B\\\]T1&c\\i\x\v \\0\f\$_MN\\g\\6\:\0$oX\m2\0u\\0>\rv܍\D1/X:W6l\0>1F\Z\=J{z2P0\$	\W\\H\0HI?Z\0O$\c\(	\21\\\"t5\۹\\ZhhH	¯97m#A\@S:ӌN\.Q0n\$f4瓮MNrC2\6\d}\\Emà\\\\)aDƓ>\T\]A\Ѓ\CG8\#D\\\\)R@h\X\\P\r\;\MZS\\DH\1)\5\\0\á%y\\(U*\'\n2\\\\ʌ\\N]q]峕\jN11>\\\\h|嬿\dg\\V\'f\r=H|C~سs\rd8>73%a\xd0y\5\\\p\\mmIs\\z/j;8\?A\\\})i\0\U\\|e,<.\v=rwq@\@\@\t7\!lFL:<\0݅]AJTzR~\3hƸb\72\\<\?N\gn~ӯ\nQ࿩/\\}i\Z`\RK^דQ8\\\.b-l\DK\TO\\\nSq	\\T_\\\\D\`uIqN\g+c4\q\\0\"ꢓ\\d\!x\(w\8$\\bHQ\\N\g\'\\;}\rwXÞЛxr\rC,W^{哮հ\CX3\ޮPQE\$\SSfѷ}FwSB\'P<@@[n\nvó)TV9J4:F\U/Spj.0غ\mb-ff&.ۘ,I1\"G.U|\]\\ۡH\0L  \Z>Uvp\[<\UZR(<ռ\L\'ɞ\f\BqJ[\_BY\0\a\L\ t\ڹ&rԒ31UL\\j4\ަ/pu\\I\P\\\0\d\N\M4gv\f\3\\˸cOᨻw2\')#tmzu\an \6U`zy\7%r+\0\\Za#Q\\[M;b\R\r\Ezؠʻ@\\FϚ\ҟ\/\rKa@c\\2κ\8T½Ӧ@(\΀j/\\۱l슳&A\pc\\`\0eua\'@c\\\\n\\'ݻv\UǮ`ĐH\u\\\\\t\[X<&=4C#Y=Ekɬ֤\l~ӕ#\I2B\ā\\Z\r\\tP\"Dj\j\\}B;\\Dr?\\0\0H\0?϶-=\$s9\`\\\,\e\\\\^Dikϫ[#%\y3\\#ڴ\cGӯ\Z\j\>\~\xH-%+\\d/y-KRd\`\6YPz\R?s91$\$^P\5\kY\\heW^Zt\'/t#UQf+\\.\\@\/\\\\Zٟ\a=}:5O<E\\vy?oʞ\\\"\{~yZ\(\gW,oQ\\\mY7`\J*\?\"\k8oB\\V\\%y5Z\\$:\>$\\h-\_\5\8\۶\άI\Zm\v38\)a#w\vk\\ڑ\[9,\=ωX(b\卒&LbtN\\r#\\0\\~tQGM[^\\/|Uu~\̀(3t\\@Ӟ\7\ɣ7>Z\6U\\,9\\y\WkA\\Z\w\H\{\n#-5ެ3\~?uʋ\n܅\;CIQΫ\\g\:	\"ۅ:\\\\\\~X\"=AP\ru\!+%dh\0;\\V\2\$s!7\c3 jF\:\\\^\+0\0s\0%Rtj!\ho\\0\r`>)>\\\\aNl|5\%@W[>PJ\ZL	\yң>\"t\\gZY_\LaQ\|\xH\\Ni\'o\\\k˖\Py\'N\\\&\{Ι\\0]S\ȁ\Z\Z\8G\kWn۲\RفP\>gOzd炆\\=+^\DB)\qv\\"\rJd3\\\p\0\0=@\U\Q<?a\\Z\\Ж	n;Ƙ\):h:s\\\\[\d\,\e\FG\UsJ\Ļ8\Fuل*%s|\\\Q>.\ۧLP\?j^u#gbX woZ\\J@>\R\a\0\:r\\jB\fm\O\=+/V\\\|$8\&f=\\\-\-!\#\\t\\r\zf\0\\ZQ\~ֵK<\"\?ҝ۰m\_s\\0]Ძ\\7>\S{,\\ {N\Tzɢ]p@\\\\r\\}y\~\?	>ڤ(\"E\\\J\\U\nV{jH*\<\rIW w(\CB[\g*Q\\[\e\\\ٰ@,\̈:1\jv+.\ZL\+\p7 W\\c\.cl\$$s\j7;\\\\\,sבQ4x\>⽫\a\ݾ\o\Y5V\Y\.lݺ}~\YF-K؋iHl\je$y\0\r!,\n4לH\ʧj0\\\\'\~.]r@mtc\\u\rž#c][BH\먨>ٜe\\\\Z\L09\n6t\\\\\m\\\D\*\#Z\\\S\7ܿq\\\ҘL\\\o;wj$\\rҒJ\I4)tyPl5[^Ԋ# \Z\'\b>\@R*dMUMȜ\/i\,\\uR?*\\\\0t\ڋ+p@\ \ǈzS=DDIro\U>Kk\|)\6B	`Toe\\\;mJ\I+\\'M#Xڗ\*N\N=?u\Lo\0:\0\72s\\i`I\S\P2VP3}\Fa`XHm\'\\\\a\.G\T\Z}J\r#et:\0I?	\g\cN(Uc=D\i>4\`ာL\r5kN\\Rc^\\&<\T\\\W(ql\Qmu ,}\Z\ k\	=\\@\'F@\\'BPi,f\۔6\h:69o\\b!N1\\կ\\\rv\\I\@\&i\\VY\\\\K4\\:NYÛ/z\\3D\n;xk\_U*\.\|E[a \uX\\\\s\\\1\_\m\k\\ \\5{X\\(\%k\\0((t*;\0I\8h&\{\0\0\Z\ng\\aV\YX\'jxo\˖X2V2y5Z+\'\*ÏD\+\&\\\" fd	l8\-\\rzx`î6+^\hw9\t:\\\\|c\n\\sg\t\\\\}xGUSVAH\\\x;0\p2yxXoj	0P3`t#\Oj#ᢣK\Ԑ\\"fbd<Ӌ}ڸ\p. f\d(\"ܩS:\#(WA\T؋y!HA\'\Z׭aE=\\\;\\\ؼ\\q\ni\NC?\<\\\U\xg\lX\'\\$L\\"\l(\.b\ոߗ\rB\0mUw\.U9Aum\R\ws2mb\Nnl2N\2\bEp\a\\\ݹ\"\cUzyOY\\EvmkAD\\\\l\,~PIRH3*\\\\\h\NQ\0\WG\yoPzX-\˥Ӕx\?\\yU\o	s\A`\:\\\mm[j\\hU\IPG3\'SL;e\-ZZU4(u\:H4&bY]R\}L\ٽ5R)\#HҐ\a3)WC\0zbG\ʉ \r\\\2\I$ k)\4\]$)@\\QFuQLlO/\\V_}i\C\\cC\CQ\̎-\"tm>P\\\Zƪt\Iq#\\nWh\'+e\Li\\~ems(+3]Ĉ\z\Uq:*eЩeV2Shg\4u\93}8é\\kXGVH #\ry\<G\!t~\\tkYН)3U\"9_\ru[.\t\X\t5g#v\j\X,JA\<\:ᝏd`02\HcV\\Pxx+\i[\r˗,0|@\\OJ\\\V\\QJk)\ys\ZFE\0y\A\zՃق6\\\\>%l[+\r\\I}\K~\q\Bm!k\b\#ɚҥ\-n6X1ִ]\zu?Z}g\^Sc<\\d\.\(\.ꐾ[=~zO`kq`19.(ѭ\l󥀨\/tk>\/\p\b\a\$\eRfO\WK\0	;\ij+U0m*\EPQ@QE\5G\wŋodIS}؏]Rdԯ\\Ց\#\\\Fb.i~\vIu\S;Fkl\:ݶ-Q\]O\0겎\\\;k\YZeN@c\iN\|B\\\/[qʕ\ʆ$\\(\\\+b*\\dծ\	!\\0N\\:\G\j]Ff[y\KBV3\0O\}5A\1\rkur[CQӞ\TvכJV\0\5\Z\ʊ\'e֪㹚\"qlŴKjQn!s/\D\"Fr\<7ڋhʷ1+e( \f̣a{\\ud0\Ŷ\xM\hh4%Fec\l\\\⤋\vԷtp.f\4\"I\mRov\\\hX;\\*Ŝ\$/\;9p\ŋ0Y\	`=b6\ۥ$CA`ǡR>89t\\\-{bsk\#!a~`51\nyS1\\s#,\OY\nm,\E&H<<Sp{79W_9DI=I:\'\\rÐ\Ђ5\nuC/җ,	Ad˝8hw]\P\|b?+\'\p\r\	.z\r\"\\rRؾg\\0\7 7863\mZ$9	ԁެXt\0`\;\0e t,\w\0kNpMŶ\@\\ydf\\0=Eq\KI;%1\T\P̬@=r~\<\D\\\UHQ\U͡\4\4 7\r\l5y\a\\:5Y\0u:\Eg)S4ǶJaIVKOpFeH˨ɜcri\/^\\\\g\\"FQjnʾ$\鮂wן\5\'c(>f@<\~\\IGR<vn\\\\.1r-K\\\)>t	ث?\f?\\_a\\0\ʵ\\&\\\[`\%\\j=G\`{\'䲩\/\n1g\'0\0\JQED<k\"lpK\O~C\)\r\8P\m\\0h@QEEPQ@QE\0QEEPQ@\Kו)\{\'\\;n\\Xoiws|\\\۷86m+`$kVp7UXZ\h[,fd\A}j\|v\0c߀\rux*M\W\͠\AnDI\WyTa0\s)\\'BgYk\\"\3r\ٹ=Pf0 =`\0)\Ul\S\\6CʨX\r4Ñ\r\l I\\:2mvu9\\\r3ZWk],\\\\fa\0MΤ}\3i\\\\"zxMMzX\??\\p%\ܛFX*ˬ1Ҥ޺%RUN_\0:\g\`0B\_\R6{,\\\\*\\OC\ͳ/\0xm\Z\\\2\\\\(<$Y\zxՎ\\rs5\*NE$\c>UX\6\S\XK/\~\˹c\l}\Y\%lhT?=\\\)\\\F\0W\nm\b\eG\a\\'\}O.u%g\ަ?(Z+E\\WH&bp*(T(\0((\n((\0((\n((\0((\n((+ց/\nY^\mJ\	5BLQECY0\\[_A^\rرj\\w͖@\I\MMX\6-h\\9[QQO=6A\\KEdhQE\0QEEPQ@QE\0QEEPQ@QE\0QEEPQ@\','2018-11-25 21:45:20',2,NULL),(49,'Szybka pamięć 4x8GB','Pamięć RAM 32GB',1200,3,_binary '\\\0JFIF\0\0\0\0\0\0\\0\0	( \Z%\"1!%)+...383-7(-.+\n\n\n\r\Z\Z-& &----02//05--7-----77/-+7--/-----7/-+.-------+----5\0\0`\"\0\\0\0\0\0\0\0\0\0\0\0\0\0\0\0\\0=\0\0\0\0\0!1AQ\"aq2BRb#\3Sr\4c\\0\0\0\0\0\0\0\0\0\0\0\0\0\0\0\\0*\0\n\0\0\0\0\0\0\0\01!2\\"AQa\\\0\0\0?\0\Z((\n((\n((\n((\n($t\njE\ԛQW\\,uf\,+3˫\n\@;\P\oh5\_Ŀ\\S9h\\u&\0IK8I\\*❭\X\]3x	Q\\\7|V\nmw#Ļx1T\\r\\(=>8Ue#NAr\"\PM@\f\޺:f	&`\A>q[뼷qŔ2\Z\IDUwa%\;Y\o\Ut9j4$\n+\h\n+T<o\\\073ۆp3אՄ\\h/\ \?.\\W?\[btS9An\\:Ȼl\Z:\F\|t4QEEPQEEPQEEPQEEp\0\M.%\\%}\^V\\\?\/uul\KIxY[s\t\\=	 \m\0H\0nN{׊\\n2\T\C\8jn]\^ib\H,]i҃\q\Yɞ\e\r\\0\r<\_Sڶ\\\n.\[.Y07\ؠ>\'A\'X	ޘktgBQ2x\\0%\`a\Z\r\\&Kך\\^I$\Pv\"o\n@\ 	>\\\-n,\Y<\3ɞPnc@\?Z\\\a.z^)i@ \$\'\OIނ:\\0i\áj+\/2\ؐ\IB[b\#\\0\L\5>B\\ri\Zi\Smw҃Ըŋ6m*&괳@h[A\0uG\&\'3pL\XA\7t4\^\?j<Ogb\Ib22\\\4\5l\v@1-\X&7\6*	\s\@:\\뱠\1\a1B\\=\\7ݹ`\"U\[\.\\@K8\0<@I\4\ZMx2(X!ZPn\ĜeHCMX\\KICI3d<Mݮo.9qCVɮ=7>\> ۙ.]<\?\)\n\O\O9oc:I\Z\jbo\۷\\\\uAqWU31٣Mwyƾ$alf\\\ISB\u\\\ A\^T@&`z\\ʐoB(6=\\+m*{O\\ne:\fqx\\\0#L\A\'<\@ҍ\Z\\@\\W\08yNare\'PO^`5XQAf{IgkN27̇\\\̼]\[\ZhA]yck\;/\65T#T~er#T\Z*((\n(\_T͈\hxl0-\t:(\r\K(i\k?\~$۰2\-n%\B@2\7փ}HyPff\n\\׍_xz+#\\"\Z61?%\I {V?\+-7Ss͛.]k\j~\v	e\\\P2H!\+(SԚ\\)X^Q{`\ͪ\``d&Lm^-{\ZZ33>Ps\0\r\L\҃и\U\H-\峕LdA\Z\Z\\1-b0ekr\22\e\09\Ps<yPX62\r؜\\u\N\4P\6\JhOA\\Hi\j|)Ӻh!d 9\Z\\\'Gr\>iĆX\\f}֟-eC9p\\0\+m\0N h#\@\n`\<i:mY]S\0jym].#U-a\QV	\'\=r\r\\\\J\\Dv*wTK\\\$j!\BO\\Jk8S1\\&qQȏ8\Wd(SX}\\QV?di\.\D:\\\r\nۿʦ:KiW\Q3գM<i\v-\\M\~S y\]9o}B)`x<-\0˪S\ryE\d_\>\PH|@.	*sQΟ\0\0H3:6.\\n?\\0\✹\\n򥥆:\H,B3\0f;T\FT4x\\r0`\7Q#O(oc,\C\Z\f9nt\h8\URi\_	Yu&$\u\ \\cn^\nʭhz=c8\Mr\_\|\Z	\\\({\Kt\Y\\U\U#\sk\0&́|,\\4A-LI4\*\r\\oݡ#_\c֮,\\\\Xw	Y\nF@iX\\+Ϣ\h<\Z1(fX\`\\\l;e\9v]\d\0AKT \Ժ॥e@$X\\0AP\Sz\r&i&\n[b``9dWb\{\dƧwrU\\\\+e_.\1mf\]SjF\hA{\c;mg(ۺ1BfF`\(+\~226Is\eV\Z{eӇe0CїU?_\A\qW[\r.\rp\H\\"[w\*\0LSR-\[0$Dkh\F0ʃ{\0s}\i!PϟN\ny\JKaP\T\\~\-QS릇H\\\wՎ\=%JiI\\t>-n\jDCH\Y9S\\A \\'mD\4\\E\k0:;m˙=j;b\=54}\UFlRa\Q\r:\\M\\y}\'j	h\'rkkyP@,B\I&5pY\d\H0=w3>)iaΡ`\\]MLK\nƍ|ٹ\\Z=i\rc9\$̝y\\r0gS-0ȭ \:D\\雸\6\?\\ͽ\s&4@\ni\\M <\E+eFi!dvi\b9oVwplkׁ$6D\r\;\Gr\	\0W+F\- \M(!\\p6BXpA	\\~]lE\&\'Ur$FP\U`t-]|̐4\ZkL\\$ƿc:,\\bBi4I4%~Щy|\\\Kh\ǒ\"LzU\YU\q\P\"ܙ\Uigz\\/wݒXr<\M|/,k=Z\\Vp\\z\8|\p\擒`Q YJ>jSA|V\lz0Rd\h) \Ei$WjÂ`V̌\NRT(0\ږ!CbO(Ԑ(+T:FVxMV\!#/\03,:\#aYeF\\\\\\\\YP>`uSY\)\\b\kK:c\0*L4	`0((\M\0:~A\1WV\0\\r~I6.\\rt\0\t\"gI\wAw0zn\N^\ڭ%Į[l\\P\\d\O\ϡ2\'d\ӭ\2\R\8s\YlAk\1d1E\-l[=s\0\Z\\\\\[~\\1cv2\(\0r;\N\k\#1Tt.kb-.TM#A$kZ\\wVEq\h!\xwgQᾠ:\0`E<\"\\Z\a;\K0Y`6׮\2\\t>^T\rW(&h\ܡ_A뤮\0=bػ2(\[ G_1)\\n<jfgrO\\!\ۥGc\\ZQPhh!b@?ҭnA.jB\\iG\"yQn,\\e=\t\'\\cGZ.\\#>\\\<\k\+\\n@ d \{\4\#\$?/\B[u\Z?\\\R\@-T\9\\өX#|R\Ҭ[2<\r;\2>zf H&@_A_:\h\Qu|-a\]u	 |\#\Bc\\yh>&F\OA\71Lޝ\Ȉ\?.\0Q\\,l\\_\\A+v{or `1\ү/fa~\{o0\.w\Fi;|V~\&\t-\rh\A\::\rO\}\QQbڕeP9Ơ\$Ɲ	Uc=\\\\rW?\3A?(\<UmA\'y\l\@9eP4\n:\nfi\n\M&ktI\\c\Gr\0\0\~Y>{U1\\76߽{E\sA7PI\\@ܟ>gޓ\b1\"-&D\\| \\@1V\z<\\\#d4\\`G\"\'Ns[7gm[ b\\޹\\	\'A\n\ɞ+:ZVa1\qr\rM~\KJڶ\	۟HEmf!\ܙ6xl#箂F\\ˇ;׀Ckv#0X5\2ݕ\n\0@Ty/\ݣ\\|6x\\`;2\0\TZ2j\<Q[\0U\0\r*EtRj\m3Ȣ*\QEC\_8#@\^\&x\2\rX(ʣ \ro0\"y\\\\%\ơ,ɮ\nX?2OƦT\\\!nu48-\&	\j\\r(\\\"\QW\tW #k\0yϗJObӵ\\\\0\Zj]\PCb\ȩBp\n	\\\1\\wofK\nMqnݔ\\uQ:Z\r/q..K\2\\ZÔ\nI\I`qOupfB]A=X)cΝbE\uiRX\v=}RBb-2\q\w#ɷi\QWfh\n\\+\S._J&x\H\kI\}y\WP1\A\£\\[\\/\L(\nX\}N\\y؛\6툙=߼%AT4ȷX\V/4[Cp;(\0SֽvF\(Ĺۭs\\'(7c=i\\\^y\\r%\ʬXUvLGz\~\\r\\\f\\'\y-j/e\,mVH#\\\4`OkWg\\\\I\Iԟ3T\\鏪4\\~ꅁ4	nǛ\r\~\|\ńs\'=Iܟ3VWklx\\i.]\QEPQEEPA\\/t\[\5=_\/[;P||{H+\N\I]yo/\,\unM3\0i\&+Z\n_\\\0v\\#;\\"դ\>o%)\F\I\$\\\0+o.X\Đ?|+j\jh?\_\T2\k P\@&:rO:\V\\ʪ:r*@\\a\ے$D\\'o\^\x\nl\V\Zw|>k/9{IT_\ƀ\9\0uM-{O$\b9xs\M=G#RـޣqN\r\NbD\r\\rGQ\'ܟڷښK{\\)i\i\\>\!ūeIEu`*q/ݫ\Z\ddv\D\Z<>=m\\ե[\\\r\0\RqΦqkH\>\\B\\\[4\Y:kF7HphҖ?t\r&4>UH\YJ\38`luED8s\\\@\'I\zS\oF\Z\CTk\&7\'_\\>ҡ\1\4\\\AcPut+Ȇ\ߔ1]{^\\\rWGEa1>@PN\Cs9gM&mS\\P\|Ѽ\\\?\J\:0чCRj\(W=\\oQI\7[5 4\\zb!W\:\&ݬE\%\04\0\D΍y\9\{ч\\q?\D3H0y\SjM5V\\\\"X:k\PA\X\\\\\OˆAlѕ\c1\0O*\&x/=4m\\Qm^\\D*\\1uA\\mqO\f\\\<OZ\\-\K<\nn}zi8Gg,\\	c3\\\ck.N}Xկŝ\.\aln\\Oi>b\'\l\rX\NRN\cj\o1aKZe]\QEPQEEPQEEPQE\g~\d\\D,\ /\\#2j\W_D9pvѳ.\\L\]#\֙Aޅ@6LUj\-\\ܹ=aWk\	\#Ս]\\ز!GZ\H\cHLJ[a]e+U\\n[i\1$x\`4\\\\e\\]d(A*d&603\_FÁ/\\xOFc3\,eܷe^%m&\\\"\'Cڲ\կWk1\;7~ݵ\\\[\\\Bt\T`ʺ&Oᰭu\0\\H0\ַ<;vm\g\\3}N\\yj®\+\Z=\ov\0W\qn\0\^bܷ6\9{U\m!T\G\WWE1֑ƙͦy|\\ߴFdF$\GS\X5\Y\]3Dn`t\k\?\rXRs!\\0٠sҼ\2\m.\\\\ιg\	3$i5MfSfxw7-\$\ ^QN\"b|qS\\neeac\\04%7iƵ|XB\Z\\\\0:\呯W\V\r\Wp\0-| \A\\\Y2cQiז	\\8c.\$ʱ\b}	!S_\\R\\TAu2bLiK\m\\0*\ J0\\w*Z\{W\Wn\\،\\t?S^\۞\\-{;\-\y렀+\lp˷ٶ)\d\\O\Z֛\wTؕ_.밤\\߾\Э1	I:\	\\[\lZ8@\\{7ȉ\T\p]\L\\a\\\\T	\L\X\\^)i2gp˔\)\BP9\\\J2e\q\F\\E.\YmSZ\\P	g?3lO\W	\¢N\Xbu\'\\\"2N\\N\_1\x-\O\0n\+,	\w\'̓>nWkzb<0\e\P6\Eh(\n((\n((\n((\n((\n((\n((\n(D\Z\\[\{R\ٵ\:\n\\Ml\vOQEEPD\%i:ׁ\}m:=J\")&\\!|+\z4-j&6pKΡ- \Y\\\\0\\`xW\~f:\VP6\x\kL\X\Ej(\n)ࣼhE\'\n5\((((\','2018-11-25 21:46:16',2,NULL),(50,'Dysk SSD 256GB','Dysk SSD',482.25,27,_binary '\\\0JFIF\0\0\0\0\0\0\\0\0	( %!1!%)+./.383-7(-/+\n\n\n\r+%--++----------1+--------+--/-0+----/-----+2-++----\0\0#\"\0\\0\0\0\0\0\0\0\0\0\0\0\0\0\0\\0?\0\0\0\0\0!1A\"Qaq2BR#b\r\3S\C\\\0\0\0\0\0\0\0\0\0\0\0\0\\0\'\0\0\0\0\0\0\0\0\0!1AQ#aq\\\0\0\0?\0\1Lv\W~s!\\P4-\ݑ\\ l3L^~s4\^u}ߔw\'g\\Db*\{ُ\Lv/i)#9\=\8=T\f|u߄Y\ID\JL@\`xtZ@s\lt+d`aqIQC\`\v \L\1\jlA\\|\X\:DHQ\l\쟏O\N*,\qIL]\Tx>]+\h4\']O\\\\ci\\\W\\|\jجһ\4\0V\0b\ԝO\ɴ\a\2\0\Fo\\\\"1Y\w\Grvտ\ky\\+)a\/mCoҳo\7jAGSSQ\\\[t ]5ۍtnV\>\Q\\1\\Z\k\r4U\ZL\8\d\-\\5\U֝3h֞_J\qEV\:L.+ŝ-REc\\\rm\lCCR&VR+(\\{\@ņ\oCJ*f*\b\M5y\\\\\%J\\TѰ\YYIE\9[q,0+\n{:\\#W%\]\"\ZlN\0xy^ü\kb]Vf*\RO*\\\/\-B\#\\\I\\]ռ\tn\Z5\>\q=?y\/}y!g5h\\r\\;|;\1\SI\[3d\JRkte\\4\fuJٽÿþI^rɼ],.\\\?8#u\Ӫ\4\"\\pn\\A\7nz%jZ:o\:\NMZQƛ\3W4\0B6a\?nSYX\":I?3\.\ZM$hMYa\zVBU\"Ћ\rZ\	γ~-\b.*V!}\\/\j~$ΝƼ+\k\ɲV;-N\\\{\-dV2 \9\n>:=8sMcyY&\;\\}e\\\ɍt\\c\\\\\ᚫ%4\h=W\g\<\vk\C+αT׬P\Za\\=\\01	`9F1\0t\\trNc9\\K/-2\V\'{|o2\}*˸L3\qN5G;\"\|k.Z\x+\\W\7\R\"5\0\\I\_c\GFY\5RԌudu\n\\݆u\\kI/}f8(:\V5#s;ZOc\%3VOFD\\"\s|\GJS+\\,\A«[U!yN}4q\V%\)~\K\߁o[x˦v\<U\_\MڅuuH*n\p3;&\+aBuC7\\Z\\Wn߇\\M+\l6	\x{(blu}\:[c\"g\\\0;>F{\/\\Q=ӪT:y\\\CNd_\\'\=|q(yYB\" \"\"\" \"\"\" \"\"a\\"\m;Ն\>d\fD\rJ6F(\Q#xO3f\\֢\\G\A&R+ab>\xC:[\"kW´kζJh^ێ\\ZMҖ\έeǔ\\87Ԫ5*\u?C\zd7v_\]´q\_QG\\Ua\\'x\=l3z\Z\\\4\2\0\I=69nܵ\'Wǎ\v46뼕\ccbl\ML\kT,ĝ\0/	\z\\\\o\\\\˖\n\\%\"a\mg05p\\ij-\BOBKz\ۏɱUj6A,/^}\k\\nn\8W\Xf(R\TUZ\d(UXƃ{ΫO=dƶa\1gE:\\r)Oa\\\n׸3a8\r\nTޯ5kGbjs/e:_o:H`jS\j\\b#BX\5%\\\'\q\5\bkOD\т \Jj\X[XI7${\;f;n~\qCKMU:KM_TD:Ic+9U\ݷg%LE,B$\0\0I\\0ԙ3p\5uעq\jQ\Z\K	kZ}\k\\I\$\g\\\\\"]ry]/Κ\Z\rN\"[*\aUޅ\ZiK̕ZmD\*j\r>\nekhI\2j	^!V\MSі\zg\b-p\n\\\\k6,\-ZO\J\0GRu#n:&xwPUZ~\'G\)_3p\\O\SNp,[\\3`\,/{ q\bO-0)&\Qo\%X\\^kG\\0\6`{\&]	\\R`ݑ\|ǁ\0굓7\?\==4JV\r\_\?I\:\|\\y\\e  \#=STRAvU\vk\r>*?1VR;A\˱~\"%U^\wx{\\@ԙJ,\q\|̰\"\ǪC\dX\qG2?8\)biuF\Y[O鱒2de5\\\Y՛ժ\0\=\H\֖\n%(7ί\%T4\(em\G|\<wõpny\ \=i\ߎV/_\KZ\S\\N	\ѐ\r\`|\n~\/\H\Z\\e\\\0CbŮ?\q\\\\\0F\ï\\/\p\\Lr\\wX\Vƛ:)V(X]\rRF\\m%\_\rW}\e\[\W(Q,B,NIY\9*7)\0\\W!U\'c\\"Ҧ\ZզN\v\0pTT./\\1x\k~eJfw$\\ol+\'\:pUPCRP̕\\h\\~\ฌEZt\nFgU:\KAAqzNy)S\\\^\\ q\`oK;!N\ڕ;_\K{\y<ͽ\\#gmC\)V(\vԹy\c\\P\0\rmdf9\;UĿ=F7*w\ZvU]==\x\b\Z\^)OnKj|\ka\\4\P5jJLb;ۡ\TE\\@\aG\>!7vwm;{\\T&%C+R!\aEl^\'\hS2wQoɨ\z\[\\\f\&	&iWG\Xp\в\x6\Y7\r׮P)SrmV\r\?u\du\"fq?	= ̷Ueu\p\}ĥQ`	(Ǘ_H\OJ-\0Zi%\n\94&e5(\C[\i\\]J^bI\\nl6QrM\x:\mT{\}gJȸ(\0ZmO<қj4#b7̜̓aR7T\y\x{*S<O\&ޓ\Q\\\\\\0\\\(\Den\wV\\u\P\'2W,\\Rk\0y-$thyvp\_c\\d\=DD0s,\0.4q\\t@\:E6 ?\'s,\0\6=[\`AlA\\X,\p\QC#X\\wLJ\l%\\\|>\n\{\u\:O,\\\I\\\[\\r׽zt\Av9,J$\T\Z4}0<Qѩ,kfk_e\'\\\rX\:j>\Z\xj8*aZT\0{[s{ʋw\e\\8\kFy\緁;l$GuLH\Z|BA\Pݒ5Scc\>n|ѧ\\\?\J%OyR\u6O1\]\)l\5\aJl!AVeULE@b._3\nM5:\\nΫvF -Ԟ铟`hөWbđ\aΊ7\n\ʿ/64ϝڠÚl;F+U4\)6\{Z\\7\3\h\4Ml^aELU2AËd\n\\\\']ma9m\8H\ժǗk\#H+POJ\0$\0\%r.?v^?s\\'M\\0\SF\#\[p\;ڦ\'~\c\xo:(P\0Df\mĸe?\\M\n\MԒme\c㮷\\\o9>h\\^\\/s~7\ܫ>\v\0\r\\-[\\baRe\D03<\ep4=[\Ǥψ\Z\Щ\\\\Tɜ\/6\'b=\\!QpA;\\XKyD\Z\\(Z\\z\>{X*JA\b\\ϢprbN\\\\roe\0F\MK#Vc8\'ju)\~㸍in\;(α8R͆Ru\r\\\\.lw\\Ґ\f$7$I\'rIԙ\VҖRV&\\\\\\4\x\\|\=vY\ɝ϶ר\=|ܲ.[R^\c\zy	&ӝ\\1\PTP@\\0\0	S.-\ǂ%6𘹾kK\X\1\Q\s|\0\b[\\\vr?\&n\\\֕5W\U\+X\\Z4\\|\\b/c\ߥS\mIo12XM$-,,6\#L\0\aI#5Tk\4 \%L\v\J4={\\\CS{\CfS߬ DV{V\\-GN\ت\ꁨ,=Zp\\'h\^V\Z\є\Ϥ\ZEqCGHҬ<UŹѽ\?\Q\wj\n-Qt>P#zG\C;	Z\˲ڵ\S\<I\&\\gZ\"\\\0;+\(ᓒw&f\?>\iRLMT\/\\>)r\0,,\0H\Zs\їZG晍*^R{ܙR:Ph[\C\F\H\\b\\ҽ*d\\\aG5\&\Th{*6}\\eXeOKU\\;ܣ\d\\/M9l\cm~rs+ɀg`\0\%H\˲\I\>\\\Z*Ȗ=\M#L\v\ \Z=\\$bM\pAMN\^L\w\@4={\H@,Fp_>5<S($UUԫe;\0AG\-6秇ި;2Dgm3L5*UO_\07\'Ncļg[M,8jtΚh\\\/\,?q*J\*\	\\\>D\\jzGb\Gr/I#p=\\)\B\0\7\'f?-Q)\ݽ\\]m$.ζ\@$:S\$7#*+*<VJ $C\RůQ.\\MD\r=\!FS?\=~`y\kh\hz\4ʥJdX\\\\'\c\\lD\"2㙈\frvv~\m\i-Z\{2^2/2\boof\\gKzt\R\eO\o\}$MwSL*hyYݛ@}a鬊ጜUB\n	#Q\\Z\Z\\v\csGDQ܋\0~3q\\T\\c\dA@\0XM\f\\3-\mm&ń\eP3Hң/VkL(DDD@DDD@DDD@DDD@DDD@DDD@H\-Z\AБnk_\GQI	F9\\F\obR\o0\:a\4=ûo	\EǮE?\dȽ~I\ZE.J]\K73\0w\'\djP\0\\\TIJ\0\{\\`\0\$iѴ=K\"m@%b%B\" \"\"\" \"\"\" \"\"\','2018-11-25 21:47:25',2,NULL),(51,'Procesor I9','Procesor',1900,7,_binary '\\\0JFIF\0\0\0\0\0\0\\0\0	( &!1\"%)+...383-7(-.+\n\n\n\r\Z-&-----/---++-+----------/++-----.---/-+--+--275-1/5\0\0>\"\0\\0\0\0\0\0\0\0\0\0\0\0\0\0\0\\0E\0	\0\0\0!1AQ\"aq2BRbr#3s\\CSc4Dt\\0\0\0\0\0\0\0\0\0\0\0\0\0\\0$\0\0\0\0\0\0\0\0\0!1AQa\"2B\\0\0\0?\0\4(((((((Sbyjq}*O\r\\j\r\\Z\\0\nQX\E\T\r\~\\֮\di6v%~%?h|\mU,Nphǈ{d\\o\j\buKS}Q\0进\j\n-\-]U]QA\zP\\\\\\UAB0\"\5\	\07*\u#č\wb+&H\:Q\\\\~,\e!M\\s6\x\1H][N!X-{5H8;c\G\fQ\\0^\~q{\wmHJTl)@)@)@)@)@)@)@)@)@)@(h-KU6\'~v\}\\ֱ\'\\oְpnI\\rjͨv\[kW	締\0Z\nVʓ\\WZ)ڽ\Z-c\9u\<vA~g\Tta[\0eZ\\ZV\#\\\0\\a\?\T(\\ħ\"#=N\}U)QTXR\02[\z[0նQ⼁qҥ\mѹ\p~y\qbpxK\nEφ\%\n7\+b\"*u(\?̣_z\qB&,cf!RUדnթ>Ne\{W>+,H\_{\.QBQ\\"m\],|Z\\"\ď㺞2\I\\ZR((((((((3\U,	\Q`+Y$~\ZXnK_\QS\v\\n\\V$;:\S\ߧ\\\#\n,R{̟SCE[\XU,*\rQAI\REK+D 3D{<\\ZU1\n2I\*\"s\^`J\\"\66ex\m*I2ϋVL!\\fď^b>]f%\0@HT\Q\\PGr\F\,S|V\**}6\[(\NӬ\r([\r(BI\0`H\\r6X\ZC\+iDR\݀\\\P@3[+\\r+:V\'\\A9\ւ[f\c\fF\р%[\#\\FơO\0\b\\m2\>\J\ڵY\\re]R6\;\V\׶\\\0\\dS$rKt\\mOs\iG@\\0Ñ\0c<!PrU\n=\0?J\UIMzjAC\nc(\WQ߸\\o\8\\!ȼuopKJ#-\ߟJ\b$biS᫙\y\\n+\ih@lw`:͔~1\\Z\\\JXLǤ\'cr\oˏS\r\N\h\k_+\G\Oq\6q,D!\\8S\"\E6qa$}T\0Pz\Zc\7\n\JV]JR\nR\nR\nR\nR\nV>3J^WTQ͘?:q\j/\'oʜϹY6\Y\|\|P.]Q{\\d\nf\0(\\$\)DyqrF\m\7\\_\o˞\k\G˲pѷPS\;\\\UԌ~\]\#	gE\\\9f\uJ/xDН%v\v6??zT\@\&&&j\D\&).k&xĶ+I\\\Ytx\0|\aw\\A\MaDomV\\saP\N9yXB\ؓp\齺؄\0\\gcA͜/\>z\#.\\r8\\\\W8vex[v@X\M-k\\Wa<o9ß\\\He,v`S\\aN[\\'7\G\\&+i\\\\q\ި\p\\ܻ,닚\P\ny2	(l6\\`qw\\>g\baZ\@Hci_\\\":T/\\Cئ\\xɦ6/\'(p,yTˆP1,YXo-\@\j\r72VpBa\@@a,\r\[;+A(Y9EP\\ۘ\ZG\zVox%(|AT\\[\9m\c^LTcn\\Rsfma\ç0\\n/Ɗ9t2kP\\[\\U\Z#	$\07$\0:zTW5\%\\*\#\nٺ\?fa(\Zxvrћ\\6;\U.9Yb`\\2\A=VJ+dӸzӻ(G\79nJ_pď+	fA\:ۓ}\\<g\\n\J7Ǯ)R\0Z2rpm\&];G\:\\{n\%epGR-5\\Opw*zn1eΟ\b\\z\dy\\\JJ\\O\\)\lG\K|VΔFR\nR\nR\n\\d`P҄c\ZE\sfթP|f\\H8\\\X\6 ޴eJğ!y6tN9\W\3\7@;\\\9u5\\\wRv\0ߝ\\]\.g\x\_C <\\\\̮5\\7\\r]k\n܀.{\G\\uЋ	Pwu]\0n[\p\\	\\'`	\hܕ\Xy},<G2\\z\/c\jÚ4\\\E(\\=T8O.kزyx:E\`FT\$FԎ{Uڣ\TUWF\\\0 <Lw`.\ \n\\\\<\f\\bca\\\\)\\\CRZ\(\rن\\C)B\z\A;\nh1qxc4I)Yè;l4\\j7F/YL\P$* Ͷ/\0\\CLX[)\Ve\\p~s\=o+[\0mD\cbH\\BmJ\y\\47\lnY%\QMuF\\q.e,~#@\\2,\r]8x/77o\s\ʂ!\\'\Xb1\Đ^:\'}R\oN^ЫWqsƾi\ZsaZ&∱d\LVIVѳ\r~n/n\\\Lۊ\H\\\\n\\\nsTM\6\ʝn9W3ʳ,FY#`\$p\"΅ekسsu!q#\g\0\Z\\\\\3ƔYi(\'Ⱐf\#Jr\$G\3EpiO3}~Dv \9\<#\a\\\U\rX\`P /m\\ʧK\c\0\6\-\Z\2;t\G:\\pB%g`b\@婏:\\~O>#\\\3;8C\5`)$3[\\g\0Ilj\\`\7\kM<5fCWXՇjՇ!\a\	\d\ϕ\MP\\Ebc0lYfN+sV^f)\C|ٰ\\OxKY7\>)N ܨ$n\9o\Pvr,\,mF㚷B6#z7Λ*R)@)@XUTqSsV\myI{{ʻ\\*ę  6\2C\̓\	%!_IF=\\\t\@5\\\ӡ>#s\\@V7t 5\b\6ջs=Cǿ=M\\\mw\\΄|zz\ڹfy3*~\@\raBA۠\z㣳\gOyjҳiv\\3	03x\\o/#\;I\0\"\j3\q	q\\>\A\:p\p\W0Mw\0X \\\\\\T^QXR*APR*\|V+&-Xǂm>\"]\H6*9A\\N\Ks\\\,4M4ͥ\I;\0ROJ/cO\ZF\\*\\\F?׼k\،N\\PRՀQ6r@\=j\q\\ZXUg`0Es\\\\9z\\\c\r\c\C\g\0i,\06\;5j	\\\NRC16\I\0/i\\-\*@\nF-ݴ\-\.\p\\Z,K\RH,\b}\\\\	\ިc02f\48\\dGPl\OP.6\n\\6K4ӟy	{m[\Dʊ\\*,\\n\`*/\\$lM8o\<=\[&#P/Pm\T\a\\Z6,T+*o1aG|V\͆Yeıb(\K4J,@ntAVn\\F\?\-ַ\A\loY\9#߱\$<TH\-*\V\\V\\A_\\\QXL\@6$5 -[>\Z\ew41\3bwk$s5e0\%349\\}泍nCX\jݨ	/VqxuHG_@9\*)YU>\\{1\d\TKt\4\0B\c)bEKM@8o3\/bIӥ&RA\\؝\!\LB\\(5U|s\ӌ\\	XA\)6I\n%\7·\}3\8Ֆ6P\6\T\z\\8fb\5,\\˟\R\1gGf\3q\K)\$m\\0kiQ\\\`<\mLwc\ݘ\\f]\rR)J)JY\BX\\P@!\ZK\ڠ\"Hw\Wk\\C\dF\n\{\[.\W\>\\\1KЗM,TE-f2`vaɆ|q$/p\r\E\Q\͑]J?K!\Z\atm\54Q\\\bJ\Jo$(\\vu\0\&2 \`\`\\\OCWI	Ď\\"4#\pxF[\rfC\6\0	\\;VCǉK_z\\+z\m?\n\\Mp\o7Qb\1Q>(ȵ%\mfNBE7\\査[%-w\\dQ\Xtz_\\ZJ\U`UWQ\g\r|\biLʂ션k1b:颪w@4\0\0\\\\1\QL\>\ZI`H\"_\\\I\\n\\\	\:@2\Ub`90\ީ\$aPM>!>>\\TS\"\\|oyo:U\7$r;\ֶyv\ύ+\rIp\PȊ\b\4댛Yþ)XʪuGd]l/Wp\\"Յ\MW\\\0?TXpjM\pH\\ueI*\2tV՝Aq3X\'\k\kߐ\f-z(+CU\0\\	$\09l5͸#÷\}_`d|?:,\n\\l7$\r\\\\\7\ھY?d|1kZ\\l[R\>,\,ŏqy\#_V\\rG0h؋)C\\{ڵC\\\bjIp6҂Ko\bZճ\r\\&Y6:~i\\j0dM\rU}\L\mL\r5EyG-g\z\\չ\\LCItP;(\n\rg\\`\ǩ\\5\"_ֺ&Eh\\\I̻(Tlڤ\GY JҔ((((Hu\[\nGĹ+)Ԣ\/nǺCQx$ظ\\nHUʆ\,\r5v\\-)6޹we,]E\&_;{=^\0v>ZL\\B5K&u\-m\Z\\y.{\T\\oq\Hc]ВA\\b7\#\5d\;Ho&V\	\	a\n\^\\ysƲ\CF\\\:T{B\\Hg7\'\{\7>\~(|oq\u-ڰ,C#\0TŎ\\Vi\\\08[>\Dx\.my	Sӡ4LW?\2\\%\\0\\؛uC{0\|8\\B^\d[	\O\"\\UBP*o^A˲\\L~\\">[N\;^\M\:\&&-@5\\jUAr\5iw\0]\\06\Q\\\v\nu⟔0ma\S\~gҹsb\K7\&=\\U\\7$ߍx\e{\\r!\\}\ߗQ\\Kf7EnL\ù\A\\K\'nOoz}g\}\"\h\\\'$\\\\/\\\r?PiېmrkoˤH\"\V>\8l\r\T\r\n9V{}\[\	9iPr\8p*UZm\\)@)@)@)@)@)@)A\\{?\C{Ԋt\r\r	Jc믨\\Vp0\C3\&r/)\ZN\{\U\<H~\s\$6?ʵZ\p\a\?\\'e\8yv8\j\\\b߭l>N\\\r9\>R~a&I\:\\rĚX\LO\ĻhX\\rEgC\Z\\F|H\ZΣ\(:\rW\"\\-٧WhĊU?\v3.`mmNy\6\\uiz\Zȥ\\\\\\0J\s%\cĦ \t?n7*\\DFƶU\,4Y<x7\~LCs\b\A\TI8sp\\~18z	PƅӵPg2\bd\\Kw	is7/P\\߉C#\\7s\VMrK,X\}vG\zN\\\\'Ո2i8mEFm;ߐ\P0\\\I{-]6]E}\\\g\\\\ؾ=z\Q!<Y\\\#޹\Ƙch\D\GR\\w\;޵/\r\3i\\\l\O!\VX,\0\e\uv>i\ՋNk7+xSM\r4lIXG\6ƥY~( Mn6 \[hrg \onJ6UF¤fJJ\m\50\\9$\;\2A\.%d[tRUҔ\nR\nR\nR\nR\nR\nR\nR\nR\nR0Gd}jV63H40m\0\\\0\kA\ˆ)\$0\Ý\=nv;[u(\\\Z繆Y\^&݀jPvk`kX\\my\\wçǍH\0k^\\R k\6];\es;#zwܟ0I\Y=0G1\K\l\Vd]\'\=TD\ڹ\\\%NJ\\d~*\\\kQD=G#\v5\rL\\aKV3\\=40\y\3A#7.H$٥{\\\;\9\P=5Z\,#ġ\\cbQw AVyK\\s7\-\f3{խkL\nI\ow#=ڮ\9K\c\0,ǒl}\Lrl\\$0]u-\0\C\\I\0V\c9r|4y.E#\kxh\K?i\^\T\\|1\rTѤ@U7\Ml#\\0\+{Oa[\"\q,SodDh((\X1\\޷fD\V\\V\8ZI\\MqX<{V\UU*JRJRJRJRJRJR\','2018-11-25 21:49:14',2,NULL),(52,'Płyta główna niezłej jakości','Płyta główna MSI',532,12,_binary '\\\0JFIF\0\0\0\0\0\0\\0\0	\r\n\r\n	\n\r\r	\r\r\n\r \"\" $(4,$&1\'-=-157:::#+3838749:7\n\n\n\r\Z3  7++++81-/8+7+-+73-,-77+7+8775+,/78-77+8-8+7+-757++\0\0\0\\"\0\\0\0\0\0\0\0\0\0\0\0\0\0\0\0\0\\0L\0	\0\0\0\0!1A\"Qaq2#B\3RCbr\$St\%4DTUcs\\\0\0\0\0\0\0\0\0\0\0\0\0\\0)\0\0\0\0\0\0\0\01!AQ\"q\#2Ra\\0\0\0?\0\8XXXXXXXXXXXXXXXXXXXmKFj+ꡦm\I&O>Cm\ѝ\V9!B\HBWk`\j\a~\\nJa{j\\Ђ\0~ ;#S3Þv\\j295\\\c\X\:\ɩ\sk醝\\1\NYl\`α/\_\Yܛ^`wSqk\c͝2\\H#\\r4H\ȈI0bO\{yF\gNU]]=,Pv\`il;\aB\rN\\Z\w,ieډIF,\\.8XXXXXXXXXXXX\~iuM^RWU؅달s\')\˘ll.\\rnfEa\s5\\V\)vE?1\EV*ݲ\\\eUN-!#8D\Yj)]6:\y\r?0O\\vǡ;®\ʲ.\//R\17\r\ֺc֍G3Q\Zj\$eXx/\ru\[&\\) *$V\,0\@V\\\S\ZH}\{\m ֈ:XBdex_\'{2\\5l\o\5\06\n<ƱTR\\\(?\_\rR\m/\\@n{\倹>1jhP\rEu\\\#f.ͳ\ޜ%>^\i.ب8>%\+-E*\g6Ep\7\|0\rVW\̱4\Ȓ8\ɨW\\s	\Z-\\'lWe`D\zc̦+\T\^h\,7s\ZQ(ylJ)\-u7\0\S	\r\v\jut(\r͹۞/>G\nI@0~RF\0v\icp\Lw:\T#^\\{~;`=\\˲;\\\*\K֊,\Z\'\2SZkt\\:BIH\Z\ϥW\\\\QN\\"8W0\8X\3XXXXXXXXs\\\{%$r\"Z\f@x>\:69XfD&6\"gvb6ে\z\r\m}\VƽuS2\\\\_#\Ni\rG\nv \6\0?Q⧮\Y*SB\4e+\r؟=*w\oo\#\\4\wAy\k\Z۴\G\~\I\\]\@kXbETS6QMSRM	;^\+(%\v\\qv3E\ΐK#@$\Nױ\ǖ(p\r,,\0\"\\龝Zd\S.\l-孤`\.;\,,1i\*%\\h	MX(=6 Uwد\,\Z@f>\0\҃O\Z5(\I\\ؐ\r6tN6\'M\Wƹ-8*ENe\\mm\T{\z\\8\nΞ))\l\eG,\ԽKk\Z\\b>IMC*\㸪\\Qkxp\٬vtp	f6LON#vҐXsn߃[\Ix\\?CW\\\0\\8^\\|_q\n>t \\ؐ{:U:Ǜ_ӺޒOz\iWh\{Ɩvf\01g\\FPK#̚\\)6=Nj`Xjf3\VT\\y7\L8O^YE\E3Z@c&A;X |\(\1\cM\*刪\c\~_Wt3UqHyo`\\#}1Ԇ!84o\7ٵ\v\ii\ŃM\\F\<\\*{ZEIw8\{<ߖo\\\'$b6\\Zt\\/\\\5:I.oUmX\0g7b-\jH*rhy(䩪\\#9BEV\o}\\'\G\f\>]D\0ԑ\\'\N-\\۷\\_8\\\"\\4Օͣ\`H!p5;\0#qu#\)\ʟup>M\hdrh|uݏ8D\ݔw\\/6\,˾=/K\L}\\O~Z\\4~_4W\\\ݓp(ޚoie[Au$dc\Á7\'\\ַ\\\{Uft.E*ƫ\\\<O\):AYS*\?QK]$\\\0XY\f,\?;\<~6p\^J%Vtۤz\\E_\l\0\<W7s\r,mJ\\\\\Y<\]T\\\\[\#\$k_Hݘ\0\X1V8hz\ޑ˪E矙\\^:Bt<&5΅\5\S\I做 	\%Q\*\\ڎB\QI\RS\ja1d*w3\"8T\v\\\b\\lP2\\>\'\\],\\\\m\\\*Zu%\G〰\"\\rɶ)\;s`ET[\\f\Z\\"\\Z\\1d-/l\vp\\0maan?\0*H钚GH\a;C\\n\	ێŏ\{*o\Ϋ\f\0\"\P\nΣ0!жr<\k\C]_\0tYoxz\'F@H5fg=Fp3NN\Η\\\\\X/w-V9PAkۍ{q_MA<24S`d\J]\\0+z\\}^\Q?Xǧ\\i\~b65\04L\/ϖ\u!fbPȳ5`eI\\Ze.\u꓃ϖjOMA\[k\o{?^x82yCGg6\pq8A\\nC\\\\\"2pֽ\Ʒ\\hli\rG\S\9c!7\\,\\GzO;x\\AP\M_$2\)?\4\\\\0^|8ݽ\s~`̤;%\a\ݓ\GZ]kJ\\\1\\#tar/v\MwcK+\\\\Yc\(\v#c#\|Vw4F\0kG-*3Ӳb\\Fm6߇2٨Aىu:J}:%[َ\O\uC\\#xƀ\n4\nd~X\wX\Ϛִ\\寯\wKO0injLr\\xe*A҂WY\"jf\9ȝ>\\ږXU9VP>X\iU\9w\'p{|o\E\GHa\n\n\ni#&*&5EN\\}\qfA}=\\0|\ZI\,|up5(nN4\9Rwr\\\0\A\#8љ\\ `\έ&\\@v7#t4HΤ:(ya~\\\\|qw$15\\K\0|\\\Y\12U]S$:}t\\Bx@qAvߴ \"\\u5M3\flGuK\rz\ܕ`/k좿h\	n\H\0+AI5\S\-}$_ˇ%\\/i,\[\"\0\	щxɶ\nG\w\z\c!\!B)\θ$Qn6;zrLURU\Y\!\{ қy \\a\\\\4Mv|Ƒd	 `\GԕI\\rۏ.\YcH5f;L\%Qk\\\`	+brc2*b@w_W.*._\\ŋ9\}\ymV\ZuvzX\\M]T-\ܲ\\ZJ\\bڷ\۽p@߆@\YZB\0QG݋ܺ\0 1e3[r\\\./Hj\\Z>\$b\n=pGe&p	\pӼ\\b\"ca\\0\S\cn!/t\mƘ\`\lK!ůFo\v\\\z\)*\\A\0B\n\\`>\\\\C)gr\W-*\" ۊNu\\'i\4\cl\\R07\\Y\\X_u	\n̆\$\A\Dl\EyϨZ\pS\&W{:u6\\\mlt9\$&\\Z\}\0\r\1\V:ZpD\nC\0\Z\޾\}\\f\*GN\R\\WP1\n\[\\\0n-W\ZG,B(v2)T\"e\08+ppy\5\r=d\SGU\2;Sj\rg]ǟ\\Q9;\\]\|0$5W\%ˢ\\nc$$9j\c?\\q\`.qYK\Z\xښSk3nY\\_`cwD-=K\IJfYnv\\\\U*ƒZu$\o\n<Hi\Y/L\\\wTp7\[S&{?m̈́RiC\$3\U\c\,JL\Zڙ5C(\#ylpG\+\W{X[S/\r;{AXI\Z\\nSLL\);\KxbO{)ҟf\gX̤Q\<9QRF, Q~\e\|\ e\"swbꇎ\0/RZ\\0[a\\h)\FH\"\r\P\7[\\b&[)~\B\:T`\nX!S-K\r\Lc\>f\\\\Z(ci\\\\\\l\jXT\T7j\\\\"\>\\\j\\|k}a\\\I\pUt\\cR5T:꽝\\\\\\ZM1FhGx^\0/ =ԕh\\\ܭ\oclFaE*[ڢK?<y\Z s\]Y\h8ƐbX\\`;9dӦ\K\\zӔwWc\nM\X\ZMrǲj,I;5N#*ahe\#=C\\\"7\\q!A\}pڤm˥6?Ę\۾ \<9,I<\r\viK-C2LC\Z\\\ÊyV\d\ȃR?Yߘ\*\*I;FSDbע\۞gKc\L:\\\n<xˍ\c䣳dz\\Zr*k\0jc\Gbk\G\GY;kv&\b\@9\n=`iXhmd\\\c2\MTmԊ:\ۗ\'\\\i\=ԕuRԕj^VT3\\rN;bzѳ{\`1.\\\"\Z\*aF\0-\e;8\oXw_= \\9\0&e6\Ix)\'-lͪa\/mJ[An\7hvI\\>Y\\caTJ\.\v_\kq)\TEbݭ\`Ī\ZD\\Z:ꀩx\<Z>B\)\JK[\LLd1\>a[^\\1\\M~ñ\[\%bRQ\>G~XҋAJj=2>\\4Oϗ\\UeWEa\bK\\sls*\Bڬ(xR\=6\w\Q\$/7\Gz\[\J8\U\ػ\Ykn\r0uU \ƊH;X\\@?p\̷`w8v\gU6<Q#/k\l>8\rH7\\O\\\>8\`z\\qp(=6\mCE\If}/Ѕ\\U\l}\\Ns\\\0\'\f3TGQ\a\?\c\prڪz\Rª\68\Hei|\\Rr]#eU#n_5\Ԉtiͳ*@B.{E\$LOI\\c\8\\\̽kgY\q^Mχ(\\vK\"_gv\ՃVs\{Q\[MO\0MEE\$N<vlGQ>%{\ͰWl>?\>R-u(\\\8đE:4\heF⦤J\Tg\\\-ȭr\\\\aM25\\\NǈF`$IZ?\\7ZiGۏምc=y\\we7\\0f\0z\ 	.z;5{\HCi5\\ǀ\>\Zr%֘Z׿hHᇡW>H}t\\/\e\'S{\'`8\B\Xh\\qY\ZIY\pIE#Tƛ{Xf*\w)`}\R\&\L}k鱹\v{t,,\J\*D^AcoO\W]-Q4釱R\\0^\anX6{T\\)`jv6?Xxb\'fV$&\TZ0$t\յ\\o\|sJ(>l«\\"\0\1Exi$\v\0nOf4xZ9dǢ\Ng\\v$\\11gI\'2G٣\0\"\\0\O\q\\\{/\\	ߴT\m\+,&Y4\s\"\˗TKLSMD\\\;i\|v&HG[\b\\nSG{iݷ\0\\Rѝ\;4B\p\\\,67*лFYuN\\\o\YdL=o$4\0DK\\\R,frn\Fc{ja\r\p\9S;,GWՄ\Z@\\\_\9nqB5l\#^\V\n\\$R\LQ[	|B\&YR\,F\{q;̲\\g-X\\rx\!1Sb\\\ƭc\jt:\Ć\\`lI}qǣz\,\\Κ\dT\\$\P\$\:\2\o@\ir\g\j/\V}\擱*6G3u_\\9%\\$\]I<seR\=\"H\{\04wJ\m\i\4y.d\L?Y7AKPRFHLQygk\\&\'uD^\KWT\:-=D#\#\//>i#j\np\5DױqƔ\U\p\0Hƌ\ZU%@|0\"q\!\)cHP\\\i>\2ѲJ\LG\\H_ީO\f8}:\\p\0ޑ\\0\\\02h \\0HW\r߇>:)U\"@T<]A5}S\\'S\ c$m\\\uu7\̣\˅\0\0GMM%<m\KۇMaMRI&j\B*\r\E\\n^\*\\\\|[1\'\i_݀6I\\\VaG#\\\Z߉\o\\>+=m[GU\Qc\mrI<\0;}\0Usy{HQ`6\1i䦯0gYW\re <1B\0Q<rMCC\D.W\U\Z6\4C+&ַq\[|\zg,?OSyj\E\0\# x\5\\r\rltz\\\n\05\q?R\0\\j\^\	gk\$\~\lIfGxhc8t*㠿U\4\F5\d\Ҧ\o\=V\N\\CH)\0Ջ9	?GY\raW0mfP\,j\HR	\O\\\rታu]*̐RSw\Fr\u\0#|\\\n\\Iv\\U\^69n\m!J\<\3,mp\p7忨)~C\0fQ]Xt3s\\ol|\ƠO$\X2~\{\\}\'i3L\*\;zb\\^\?GL\\%\ؽ\\aMSSC\\/i+\\Q\0	<m\Cg\\','2018-11-27 17:40:31',1,NULL),(53,'Świetna płyta','Płyta główna ASUS',710,1,_binary '\\\0JFIF\0\0\0\0\0\0\\0\0	\Z\Z (!\Z& !1!%*+..0383-7)-.+\n\n\n\r---+--+--+--------------+-------+0--7-.-+-+---.+/++\0\0\r\"\0\\0\0\0\0\0\0\0\0\0\0\0\0\0\0\\0F\0	\0\0\0!1AQ\"aq2#BRr3\CbS\$4cs\\\\\0\0\0\0\0\0\0\0\0\0\0\0\0\\0 \0\0\0\0\0\0\0\0\0!1Q\"2a\\0\0\0?\0\h((((|S+\nu$1\h,Vo:X\\q#P4\0,_mxݮCUfdf\0I0:\\"\ث\0\~S5\l޽\s_Gcö\\8\z)\	8?X\Z\{J?cb\\6!U\fh43Qx\1i?\Z0hV=]\y\3n\g`2oM=j݇\~\r\7\Ir7\xE\ʼ\wb\\>/\T_\\\0\B$PuS`Hܝ\=\?iX|=v\5\\r\6$)C\@\n֠\E@;	o?޸qt\\~:SϳԸASPAY\֊\l\bpM\E*\a\0K\0;oҫ\\#n[w\FA`͹\1\\S.`\LILhtG-\8\Deԑ\\rƄyys\\η|=\?s\\0/\\3@\Z\\G10D\\\:0ea*\A#B+\\\gA\ď\;\\0\\pwp\ĵy[q#^~0Һ<mV(((((*\n\\\\m[{p@ĝheۍL)\U#\(`=\0{\"\#m\00P\1W\\.\^p\\0V}FQ\a\\G\=n\cp\2sƾzZGb\W<z1\0uQT>!\.\%l\\i@I\,D\&uwr\݌;$\U\rXS҃i\\rH;[v\(\3\\\zN\v\\\RqWp\-2\\0 YIv\*\K##h\\0bJ\Wj8\x/M\z&Q*ͮ⯼r|ݤfdy\zsT]>l\0\P\b\9@F\\'\Ӂc\W6١\@\\˶I\\M[V%_	?vZ[xEf\'~o8\psO\nGPNl\"3/\&lC]\:}@UÃa\5dPFC\\\Pw8k\"-\\نă\0z)\.[)\"L\0O_\\ꇞ\߇CL9:ԍW~\~S\G?	Է\\\"Cp<Ztu	>q\r#?A\c6\\0,ﯻ֧M\ˑco\]?\yBHn\$ײ\"޷]\1\r\r5-\F\"\6wTA]\]Bu\4\VE\\ӡ{I\ܠR|,s\WeqZ\f\\%d\E34i\A\\3(=iJ\Sx5\ b\3\@bu\PQEEPQEEPw`\\\\P m\1ZUU}?\.[\W#-\L!\\P(0[vLT,@X(dH\0j]\\\\H\+M>\b\~\\0\Q\	\\\<N\*\\&\]c{Պ\\Kշ׆\0(\s\r\Fn\0\ؕ 7?Hy6n4\X{KZ\Ae\?\\\\Z\\\\Y\\Zvn	\yu\Ω%\w\'RC\r=+L8u5#gw\OP5Z0\D|\"6\\0܉\V|=;B>+O>Mၼ8r|@C/\a\Nq$\ehk4\\\%\q;Qm\!G/@h\`\k]\\'=ӖC\nX\'YrCBڄS-ځm\ڬ.W3,\)v5c\̷.)LO\"f@u1\0r<\0^hTb{˯\\%Pt5\=aK+v\-[ʿ\\5\\%\\'nf\n\0	9L\`H_ƒ*i;\n\A\fBuB2\'+ N_\vV\\=8e\]mym\r#\\\N?p\!\\Ājj\}=`ؒ\\(0ľӬFqڮ\00/am\\\)~\Ҥb\\-%\0t\01	Y;\\\w\k@\R;\\rVT\\@@\0\\O\\\2͢y\0\iPƧJxKqN/\٠4b`\#PiCbh3\\atZG\\\"$0\É\T\\M\Wz*؋w{\\\3J\Z\p\U\Y0\Ex@t\I>\vmC[qHP9+A\\S\ġ9\5;\/]fP̌\\u\vͱ|[T\\\\\\6ˁ$\2o $\r\VpKmLv&\ZCI:mwqLo\@tI0*=\\\=qV4 \\<k\q5\rEzq[x=E)qC. P=\\d\07hսv\剟\Z\\r\'QEQ@QEQ@W7A\WTPynk\\*\\"+\t5)e\*\$s\y6{r\@۱E\0\p#O	>\\ub\{b\\=	\%}RL\Z\υo!\o\mA<*2%\\c5B:W\0y=j\D\_Q\ƺt&\Q\}\\0b\n֓\S؋E[=U\J	\($\ґ\n\\0e\5ui\kŀ9\fS\@\~Q\V\\,\TY6Hzﶯs\?q\	R2Pz(\0!NqV\\\\r\ZF\ip\2\-ǰg\]\\K0V\\\Z\]R &\*z\Z*F65\_Yqc\19Xg\\'A\	>jñťwW@\\0VMu\o\~\wN.*\\ؕ\\oJ\k2\Z3!۲h\0oU18d:e\\>2~\g{r\\NNӮt\$3T:\\\D*Ɂ\V\6n\D\\y\F\0 9O\C\=)\0\nkix\7R\aF&\'\I\rѨ\h#nRa\A\0֣\.:1\+7ʌ\CÜxn$rH\<Ŭ\@u][\ˎ@~YgaqD\v\Wj*\'=\\>\"\<>\UAk-)~˳Mβ0\\WOw`\r\/xvfaV\\eh\gMې<o\);7\r\6ɅUVbL,͢<#7\rt\`\\\\J\xn@ê|u\F@<Z\.\a\NGZ8\]NLh\?2\\RK890\\\B6\\\ݶ\0z>\\cXA5\rWH\|3\\;	oPLq+o\n\-\\p	 u>U\qW[jV8`@2.\G2:W\fG\\M)ɀ\<F]D{\+/n\\\i\"ܓsX9A>0\	\Z\\\\f\!A^d\Xh\}J˽qpAJd\VI\Zu\F9:EPQEEPQE;\v\4a\yÇXe~Ì\`c\\ry\k\ՉU\\7\\n<	2\dV\l\ \:Nm/7OἛ\*k,8qoG2̬\|\\\(R]FXl\\ [\\r9\\uh%\̅n?޾\ኴu\%OzT\\\Q3\\[[x\L\ez L`uZq\'K\\2Yi\ZGLkR71n\\p\rt\\*u\\'m\\`r\rFV3i\\oםEv[|#!\S\\\f=Yᡭ=\{Jc!qi\_\>{]\_M̺r9q	\ԟ*8~	MpA*d\\<,:ڈ{*\\ۘV:	tf\\@5]}\W\lC\O_&׍	O\+}\Ss+&S\\n\}J}f\jV2^5G\\0\n\\\{\gs֞,Y\Cϡ~4\.e\\B\0@\9q\5\e\Gs\ZO=\\\\Z֙16N[\:52+Rv\\"c->it\x;\\^\\[\hd;[C\qd\`\\U\\S\\\0V5\\	{,\\nuS禇\\Z\|f\d-UI\iѴ\Zӭfb\7s\rTm\n(q\"YD#1\\+?\Y	 i:z\l\&\00Ͷ\\\\`3ȏ+)\^U]\q7A3/\ϩ2L\KJƄ	\m:sʞ#j\.dmXf@i0v\\X\q<M\Lxے2ft\<?.&\\_S߶\\"w\0#\ʞ#\\"ҢXyYxr\\2H \\iʮ\<R\T@\9rmk:(Gn*@]K\`H2A\ZW	t~!\\qR\:\+!Q@\*\0\rgM7`8w-\|;qӨa\Ҡ\袊(((*\#}p(\z\zah\yc6\9\\\/\0P\6e̓H=!\U;໫lj\'P8\"|\U@c\Ts\'\SVr=X\0y3\@\'\*\9\Z;8V\0\0\0\\.\a\2>i\;c\\0\[oOcm @\'@/:Uǋh*ê6w\)*\\֠cU\({2\P9練SF7rO\3\)%t\i+\<\[\-\\)\\"\xu*!I\0(\\'@&\\}5ck\8KOkw rS,TZaCV-\&xX#M(:DS\r_\[Kn\\db|\Z\ny\"\\rv\R\d1\qҞ\\cݳupAM`fDH+\x |D\q<=\^l	cwJ\B[($,\24\\n1{x|\P.r79$:\4p~\[\nb\ru@&\\gf@btA\ҫ|_A\\\\Z\\j2^I$`ʴc֠q\o\\k,^\E\t*fN\r3ƹ*]\n\0 \ZQ(ӝ_\5nάx\\V\\\r\U!rtPfG4\\*\\\:_Ĩ\\6݁`;脕,-ʒu3ڪ.\n gy1$\r\\\ZϠ\ODeh\Q)a\Zeĸ\\\RҮ]䳼9\C4\uT\!=\\\t?VV$4Ѝ\OY4$\\\|UqXn\r\\g3:\F@\0͏c;\/\\YU\b4\\n@\\?he=Ep1hL\f[Иs4ي\In8k@\|\ZG@4Lҫy\g\\0\(K:\\01V>yYpcŨD\\J\\\[.\0	y\|F\#ĸ{kj@\C2)\'\vש\\6\\O6=\b\\	\G_\*wYwgx~Ѐb\\dkNt:S \\ratQEEPQEEPg>\Yl.)G	sz,VKڜrd\F\=\\'\Il6\/v\\R\]Ձ\@>uQ\Z4@\\\0jJ\>@\Ū}n\<+\[\?H.(\R`90zu\\ꛊ{Aamvgq\-f)xe\\r@z\D\;Elȟy\nH >	bW3\qFZڔS#IˮR}(\oL}͒\\-7巫Ѐ[FzR\rİɢ\kxBDJ7\\\s*A*\F\\vU\Z>\\0Y\xXv\ US,#ZUx;-b\\01\*\āASU\\\Z&4\bd~\zuy\\e\\?\\Üs2)\\\pu#ʤmZ\Pu\-\<P(S\>܊\mvʯ#\\"NmI\B<\\\0p7;SKZɖB)\cfR:U+\5\'h\\\vT\v|RH][f ?\\\Ö{\6ӨõE{+\	9f\"2rJj	WV\He\0\+c\0KA$k	m\ω9a\\_\MF\L\ێ\l\\nĂ\fr61MV\ʠf\\0m3VC-g\0\0V\'`I|>HW.\\0\\D<gt\\V5T:Ɠ\nB\t\\Њ2N\U5<x\0\s\\\:6C5\ɣ\o1\[\</k\n\uh[	2.\\\X]\6\\\\s\{\u[\nu\\;\\h3t,\\>LU\\z\\'O[`|\|A;ǀ`\0e`>s[\\\qӯeK\\s\ᔵ\2F\r@pz+n[s9	\0\7\rgg|cZ\܉Sц\\M2yŜ\푐\#I\9\ьm̙Ҹ9=EB[\ZLw#\n(((\m=؞Ţ\m\\纘\Z\M\rnU˨\"t\"\[\< >_\\V>\`;\3:F	\x\8vk}\?v\d۸S\'xS\\n5-\jv\~ՠՈ\	\n\)\0\q }\rGa\n-\Mh-n`\\7:	/|\\#6\K*#k\\knuA]\Y\X\0\ɡ|\\0ox\2\a\L\\L\$S7ZkoL3\BaHգÔו9KxB\\5\5b.6Vn\4\ʍ,Ib@\g\:l\Xc\u15l\;02 ڨnRb$\K u\\\r\^\	gNzӑ\[AY\6^U\\GĽ\Ћ~!\]35s\C1Q$\\\(\U\wn(|cNrƛ)3f\X(>G=H\Pw@\r$\=#N}i\um\'M\i\ϥ\\\\\#$1\\2۝2\\V^\8[ZG\}t#YÙ\JqCK:[d- i1\Q.\\u\	m\`dh@\hI\xzuF\\&\'\ng%\>\04o\\-eї0\0}\\ ӜG\nsĠ\6\IT[x3Qv\\W=7G\;\\\0\"*\\$op\A\uߡ\>C$-\"l\hO߼\r;[H\O\O\}*\\dJT-J\\c\0ÔT\\bSU\[\k\˧\nv\E\\0\0f:\A|\wix+\02\\'V\ \rAH5\\q\!t?j\j\{\[\\[\>\:omQ@QEQ@QEh<5{\XсpfٞP:UljT\\c\\\<b,\\\\0SXy\0Gd!YV\./GS\\r\o78\0\\k\uhF+A\\'mv\OM\oN^@\\i\rN\~#\\,\vf\0H`Li-#m\|tv̌~\\:HU\Ӗ*\$mT\\\\\aۄ\y*٤Aj*\!ڰ\\e˔(m@|:]j?\\\\'4\\Rr<Q\"z|)/	\\\YX\\'6:7Įr\^aoPZ9yT\\\rriB Y]\}t\Z\Xxof\C\u-\\65>E6\r\vO@$i@\\\l\\r\-\\\) \a\C?҂.\\rDiG\\O\"K&C4\l@\\Gj򫖶\\A%@5:+\u\\)\\&ڲ\á>,ŶDA]A\a\У)؂  \z\p\K\0IJy\o\-f{n25|\@#\M7\<m\!\'&hF`aǨ؃-ǹ\0\C౯eۘ;\\h##\\Iҡq$4\8\-\\1>M4\0\\&X.lꤑ>b\r7<\0x>[bdԀ.\Eh퍋W&>[\Z_ť\f04?\\Z\o\PA1\#x\\\\R3	5=\f)\\4m#O/E.\\p\\E#I\7\/\C\*AYV\+|.\\\i z\\th\\W\9l\g3\\\<Ei^\\'y\,V.\s\0:\g\,5\'_I#<b\k\'F\I;ʠ\q؞#UBX\ZH]4\\\Ć\\dh\n,3ݪ2FQ#aX\Ot\\') H$3{\\Zս\:#\<ݨm`2k(((+9\Ɉx\\/ąq\+\j\\\Q7,3\<\/\ISC\(\F\M\\+0\\\}Gʪ\\\6\yZD\u7]\\\U>\p|=\]\\ڡ*M\Z\\0yt7\nĆLt?\ҫ\g\$\r\A?B*Q=\\da\\+p\\y<o\!t%w\r*\"y\nng\ʼrdJ\\\6\\0\-3WQsegݝ\DϥEb3>$2A\O:\TQ\$\,UnWO:ǭv|\\̿\\\0O:8Oe{ \Kj9ۙP Ɯ䏡C\W\%\iĢ\l쪀\dl>3#4iƯܝt\O(y\,nuO½\r\\fx{0h.&\"\\ܩ\Z\nG\2|2\$\$僳؍7\h+c0\0\Z\r\\\0O8~f@K3h<\ߗZp\*OXk#cD\L.[\\\\\:0Ah\\\K#9(0Li=	gj8gomܫATH 1-\nD\䙊q6m`\\\J\D\\2Ē4\"\c\)\+S\'^\\|\;\R\x|Rdu]yJ\t7=\m>\:̤0cA\末\0Lnd\e\\\v`Fv\¬WN\KJ4H\\0NO}X\\ݻlg@*QbX\ϔ\Z\\r­#T4	f\'\bNaP\\:`QNEՈ!DזS\:\o\*\V\\ISŘl\O\n\\`݄fVFgw\De\0d3I؅Y)\\{f\B2\Ts9\_JbqS}M\\\T$hDdI\8\x5o]zKN\\ԅ{	:\Zpb\'~ՙ\[^\fC\@h~1\ݵp`\\7\s}A*\0\A;\\\[\\\\Q\Z?M\l{Ma_b\\'5t\aR҄6TTz\giV\&&5$\'SQTQEEPQEEPcݪ\\\\\2QJerMt:~\\\dV\\\0*\Aw<\\Of\'\y\\*a\yzUq\qk\}k;\K\\U\u\@ݨS\\\Z\\Hl)\@;ܤW^h\\-a\\\UG>#}9ngS\Z\r\'Z8ur\.\3*}mb߸\C	S\\r=9\WLOh\Zx:\0\@,H1#\ZTV\\ePH\\}vco7peb\mhNzj>\\l\ԨDƫfj\'\,έr3\HoZ\rg>\md\T\eC\nރ\ofKڅj#]`	:Ɂ\Q@[]\3\z\LK\?ނ{\U@\e\"_ZU3V\0R\/\-\b?<ŷטxU-\d6^\+\\#qS=zSD=\E\\B2	*\\WMtl耖-\Z*7!\Z\4qf\\ T`\FII|Obx o^\n\ka]u͙FRGJ\T\#a\t\|d\\30ԖBLga շ{\\2k\\\.<\:\E_8?\\\Zq\'\uo\*>\H[v:(՚|\Z\\8\'!*Lh=m\z-z;p6e\\\Y ԍI\}Xxd\\eAw\\R\Z\\qx\y\䏄U(((((((C[\\OC^xY]i\gQ\\#\\nueҬ/{ ڴ\ͥ}r\n.ŶvfU\\\\05\MX\\ػr\\Ԑ\to#PyY\e#\RY;e[V\;\D^>\zs3\'\*`0;~h\qR\N\rN֬r؋O\4#@A\-\	si\\t7\\a\\b.*͘mG\.ڟ-\'\\ݗ+e\\ާPXU}\'` Ƈ\A>θe^9-b\B5L@\v|oIu;vGwl\rG[K$oi~خ#ػ\2\H{3\rףx/e0XH>ղ?P_\\XMMPc+\.\"\Ln(]{Fkv\I37\"9j*\E8\\*[\\\QFʊ|PQEEPQEEPQEEP\','2018-11-27 17:41:45',1,NULL),(54,'Płyta główna GIGABYTE, standard','Płyta główna',275,56,_binary '\\\0JFIF\0\0\0\0\0\0\\0\0	\Z\Z!   ( \Z&!\Z\"1!%*+... 383-7(-.+\n\n\n\r+& %8-------/-----------------------------------------\0\0\\0\"\0\\0\0\0\0\0\0\0\0\0\0\0\0\0\0\\0Q\0	\0!\01A\"Qa2q#BR\$3Sbrs\4C\\\5DTc\t\\%\\0\Z\0\0\0\0\0\0\0\0\0\0\0\0\\00\0\0\0\0\0\0\0!1Q2A\"a3q#BRb\\0\0\0?\0q\sb*Zt\VsOՊJ|\9\\PT\\n0$8\n0r\Խ(yQ\-sO*\'S\\|g]\n\'S\Iw|\//ٗV3yNLy\T9zsܗ\\jU\(c\e~\5o`K\a\\H\\Z%ˌ\B|V!\ʐ\">\̞Z6G;Ҟ.D%,Vi\\"]MYS\7t\vC\>\T\R\r\0I(\0|xO\sʗ.f(\ו\!M_.\\'7|\7Â\ic4Kč̌s\$g\\bS\\%K8a$\0r\Sϥ3SFE魯λ\\`|6\~m4\`nX\\⨧\w<P9j\\z\c/K0\\Y=\x\Zh\%.JF§Y̒t\\/\0E.\n[\\"{f4}Fau͇|Pu\\?f:d*	&&\$\\g524[3I\\%\7E_2\Z	\q\J\\\U\\~%Qڵ:h;:&L̓\0\5\\+V5\sz\\A\*?\\H9H0v\!`\)\)])|\>Y\\뀤N\M\WzF6\}n\ ˚oQ*M\\6Vm O?_~8@\Zi2N\/&; \=\~(z\4\(fm\,x.$=ZfPS\r#J\:$>b\\m\>\'3L\\c**9wPB=\k\V\n`w\:\uJA\c֟ᰌ7n}\c\>\\L\֫\'S\"oÌ\_A\\fJJN_Q\"fOً$~\r6GՏ!ױz}\q*N1\;~\ی\\Z{\\9\TS\R휮`(|z\"\v>\q5SVf9ҡTj M\X`\M\s*\n>h)j\'Z\,iT!\ZHeCQPK:4\(f5I1\rW!S3@-\RL\\$[`GHiӧEUEḇpTOm\\dz\$\!-\Į\rZ\4S@*\T|my\\\.\'3KRTB̢shc\\aI*$\UM\TYTfIks\\vט]Y2:t\/:	Nd+;7TRea\0\f`6<\F\f%f,jwF#L}-\n\\"ݪ&	\xsNf2\!Y@0	1h2/pg\ŏhr^еӼ\\YeP ̄\7\_\Ծb\0H*H \Z) FrT5*:\*D	\H2&\bL\\'Ix.R 2\uSemD}@\H|\0\Iu\+\\*\F\>\\8[O?\\'G\R0#\\\M\7EZi(\ca\'\\\7\T\\F\ēW9<>ET3\#\Q\Z}$gs\\܍\nuj241m*xRUn`&B\i\0<9k55	$\w7a2Hj\\_)\\;~\\<nQHƵ:g͵\ZTj\n;%fI\@U)\04A\'b?\0̜a^kjnM\T\H\rɤȏj\=H`\\\/YTip\\4e4\W\7\\>]`	r\\\n@\|2	*2N\\P3%\r	f.~\\\1Pe8e%\"Z\bU\Ս\\Rht4\rA\\\2T\t[Hפ\Y\\\\\rD)>\8[;`ĉ\\ϗIB\\U7ia3r\"4jԠmb{aU\\]?uӦ,|F7P{\nbcc~H_\<7(Q*T Ҭjh`Mv\\'z^jiU\ݐD/$\'\\\L\R5j%0\ZX%LČ\A0\h}Wn:R\\"\0c\	\\#\\6\]|Q\9ܠZ\\0*4=6I}\ݶ\@\nuO>e⾘!\RRYb&\^#VF\D{3KH9?V.h\\\|t\LƒF\f<z\B\$.\\of\1\v\\\\\\WN\\M\\\\;>\3\O̓΋x\\~XF\\0ၟCWQ9\\\\Zƣ b\\8\Z\E\bZj\a@\vH\HHmD\&\Fܽ:f)\7\\jmɸh\q<q\)*,j.\6YOT\0]`]\s\$M\	 55)$Ƒ\h\@3.\Zl|ꘛyE\;\V\W;2󼝣\\\4\@.C7\Tפ\>\\|\Z\JKX`I0\_\NG#\EM0\\Qb{\ֈ9\]\.u+\D\rpX-6\'X68>XY\\'Y\G\\ $\\"I3a\q:\Z4 \@- h\0Ɠy\\M\\\\neƭzEٍCtjMI\0W\kĪPd\\Oj\<7\PSR,\'\iiҬuO`[H	8\h\\LH\0\q\ɚy`j}a%\Dȉ nW\UF\\jjΡ֘ѻl\\\\,_x\\\0\SW5NR4:,@H1~X\'\y<Snȹ\ZB \\;o\\+L\Z+\1\o\[پ n5i$5Լ*\0\0㵰ɪ劄p??J[\z\A\vG\w/Q\d\+k=\0I\0\"Ѷ\F\\TZ\\\\M9\M\\\,\4\ƽ\1퀎h5\d\(\\RJխ\\\\<}B$\\ɰ$]\\>	\W\'M\ԥj\G:cI]oo_\\H&b-D\(\Cv\Ft|\DVTFc\\'zuRn!\h\\xm\m:\m\8\ZeJ\Td o\X\%\\v,+&\0X]\FV%Qqy\\0PgQG\\4r\s&\<{Q5UjQggdmH%HRN\ѱ\\\ݞ\nm$HVTI,d=\0n5ԟ(\\_\ѻR+4O(ҪTB\\j\'\7\\nY6J\\1\##\O~g\ejoxd4^X\\'\vIX[Q!!.5 \a\9\rX\\\\O?\).em\6;n9\'\\z<bMO\\r^,R\\\\r<P\ajϬ\\}^8\\lF/|\Zg\K\\q)\Wh\Zq\1$\\\'zY\\@\\`j1;\e\)0\H\I%ny6P2\_\\Ǫq\\R @/V\\\\b	&W҃3%]vԑ\ aCfMp\\a\r\U\ƿFN\\'\'k#\00?^ي\F\\5i۸o\\n[\~\l\)N.g3ơ\\\َ\Ob\\\2\\b\E:`]TrӋlK\0\b\U*3Ut:\\Q\O\w\:\3QzP\&\'gŷR}8~|ݮmjnHRoc\\MQ\\sV\\U&2ݛLLxmHNғ\%i\nӗ:M\\EZ)\ \T\'噁\ŧX&NfK.P{]O\Y6\kV?:	j-d۞$qo\\\-JW$Mӫg\\\0.yH\#V\-\K-EPHQʉH@dA<\\s44\\ iP(Pn\U\\Y6\O_֧NU]1\)\\m%Hjɬ]Y\"	3a\u\\g5K#Vu\n\F4=\0?Of\-C\\\\x\y\"-/V[%ru	Q.F\^oD\\\r7q\Q h\0\`=C59ӗcIDX?\##\	\m\\\U2\ĸ䒓\[9\5lo\p\\j	B\"5Z}!㼜\Eэ\cU[\"LD;\\ގסA+3\ju\,FѸv\35PWgw m\ZF\Z\Gs\\Y\"\\"W\\\ \\r<ߝ\.[8)Sz\\KbaPB`\"\>p?\TzMSV 4d(\ :QAͶ^:aQc<.XZie\\0\\\\\\\-_з\\7AxT\\\0jTFۉ6a\\ޕ\\.\Q\n72\=qR\Y\m_VC\\D#IQ\H+6\3*zEw\{q])mUg~C\Z{\\N\[.\\bIlƞӷI\\Ҿ\mu`	zQ)\$@;\\ߎU2,C\0vI\jDԺ\ڵN7卪t\iEA\Z\"\'\\@\a\Ҿ\TـW \\$\\y\<e0\\;Mtt\QvX؏\TJ @X\,F[7\0W即<\\nBu+]4x\>xi\= \ZPbJ\-|jy̪;!FX-\'I$v \jg\[~~<IV2\0e\\\{䆋\'\r {z؟یǉ\\Gzi]p\g5\\\\\gO+\\s\&;8V\e5.M\;H4$eo̧\fqY\\9\Q΍g:#Q~@i\8\_4\(6T\;=kLn{F\\^\duE\?uJ3\Ar*Cq!\\b\o\o\0\\0o&k*^k	\0[ps{o\P|*d\\\d(,ܓ@5h&3gx\\YO \b\j<~\'>y>R\AQ\{;\2-vPSS\ŴPv7\{0H\TP\cp\0{\"閸}`U*iR\\I\\m^?*cL1\U\;q\#5h;f\| @\as3B$v\0\"\=|?jO%KԍfG\i\eGѷ\cCsH^VI}\@\0<n\\0u\\`@P߫!\\z~CX\P3Ks\'\߿m\7\n\\ZʦUP1^\ő.\jXoo;%uY\uCHbG2\\oT\0\ҧ̥:9J:Nը$X\\\0d\аHzm࿔0\JkM݃\0q+&\)쩛@\\'yƙe\@#m\\gZ\\I\\>pZ0Ԯ \\ݶ\\&\Dy,\ѩ4F\-a\=>h\Z\#P\waz\V0\Tc196UV\n4!\^͎\nX;@G25\p\\l\cJ`\\y\9\w\U~9G\\Zi-F\\`c)\ΊT3\n4\j#\!O3՚P:d:bq\\0\|\>\F3\\\\6h\X0\\n\\h\*\\=3Q쐧\Q#ߎ/W8Y^bYGp$XcU9?\ekq\1*p,\\\k-qJh[vƒm\lJ\\\\=;ԍĀ\0]\VeMMPǹ<\i\\Z\\!\r]Y,_Dz<Jif*E7\B\^ǘYc:t+Ziue\5H=\\rD\ʗcB	 \ڼ\ZS5Gdv@Gx8[[\U|\r2\"\0\-G(\`Wjqf5Rh~7qL#\;\0\\8G\\\NZzU)%N{gOr\S%R2٩\'`zŃ\\}\U̷=VY\\6&1\єX\\i\0\3u4U;$\\F}.y\`i/7`Ehl\0M\0.\nu\#&\4A\`\\\A\q\4N]O8z\0f*\3\\![SfHRU_G;\@ŵV9(\yH\\"\r\RI\\L\4D\'\\1\\n\>Ta>BT\C(`7pGՇJ$\Z>-.X\M:lYoQ\0\H*\;\\oG/Dy~\ɜJP\qlA\M\\\[QTmL\Z/PIJl/y\0\@\\\j]qnW@\\0\nVl\\hԚt]$I\!۸	\cǔT\\D+X\Z&,\"7\\ӒĒ\\.!7\nXp\Z@`/\\1K\KY	\\mBo\~\0\ƽ\\9f4]w\H\\gޏ\<G\[)\6gNފ\|\N\\+_/*`\r\71$\B= \\\?\\0\\BqzF\aD\"Y\n-;h\cu\:Jm\nEi,\ۈSQ\YPr\n5a$.&\wJZU43\8$w?NyBnа\5\/`J<d>×0PGNފ\@s-j\SATLӛ--\/U\\0\<w0gLG᳄\3P+1<9\aS#\\^5\x\\*`r\E\S\[6<\0Y\\=z\A\\\_2MZgj}UfX\\s3\K.\WF\\\\ڷ\v\&ďD<4? {\\^f\\IS\0\\Zf\0[\\0\/\\I?\3x\tR\c߫\74Q\0\\\:&\\r\\\mJkVJjCv*H\Z_\8~\%\\wL\:(S\\\$5;3vsՅڴUJ\	\\\\)|p\\\\qNĪ\\=\ن(D9\\\'\ыC1\Pjs\0\'U\sJ)\\T\) XH۳\j\*:\*\nH6aI\"Im.+#X0)=\|r\\ȿ4~uy<\0\ُq6_[+\\C?Io	O|u\}\V`fIJr\RG\ZH\} b\Qi\/Li{\\cCb\a]!$[jN+<(.a^jcH ^Q㉼fj יf\%uD\#6\\XSJƄ\,MA\L	=_MtYS|ul\f*y\-c\żF*\6\\\Iơ&\of;fY3Ub	\\r5jV\)ԒB0\J=tt办e7\NET3ލ<r辧-\+j:\RT`(\\(&9\tgG2\Z\8p/MS.\\0өJ ̨\gDjd\]	\)UCr\r\^~)\?\\*\uK٫Pd,M*`\m\	\jyZ.\L\\@@\"jnc\ߣ\\\P1BHB;`2d6pJ\ZAEd[.dNsJ\Ek	!nXGI\bq\u:	Y-3b\0;8D<sƨ:RC;4l>v\y\Ɯ$!\W\":z~W\8\\*,rCCa+\B\0\\\\\w[\q3+O\jլ]\ L	\<\!|B^!M\>dW\\\1\\1%r1ե>Phe\lZ\\Ig.\\ZbgowaP3⩙ZkTR;\0\~\F}QZ\,\Ô+نg_.\n1wR^E#uaq\?\0Bfp:&qaVw\SQ<_ĚsHL\פ&rqet\\:M*&bM%-\KW<\\TA\\\\\r\*`iR\<\R{gab1b\"\\\%yE]MEVZw\\G=\0\QDS\\p\\eh2][S0LH\\\"A\\\×Q_T3,\WQ,d\\\0\\hv12#\ǷM)Y\0q`?X}Q\z򔺢:x\\\J޳1%@\\\\r\\)dLXH&$`E\E&iJ3/\l4YE\\_8\g{\\m6^1/b!yG-\-)W3\\mҾ;F^v܋m`A?:يG#MtV$\\A\{f(\'\\=^O8TGf\ |{\<:jV\@\7xRUl\n\A\Qt9?&H{l\Ս7\\n\5\\\"~\	L%\$!\G#\U7\~~n\\\I\"&\o\\d\)*h\'\l\ik\,\/$\8Y\\Sn!\\҂HذP\ۆ\n\~\\\nUOGYW0-=FI\dbݜ:E[1I\\H{Qk\t^pw\!$Qp\5AY~P\0\\O˚Uޡia%cT>N8qW\i0j\"Eȸ߸x\\tm\\ҋ1!D\}׉1FbʥL31\,\NR\A\v\\#QȨ]\\\{\\8\Z{PP\\\*\+QTYVm\0\:9\ZyjMIؗ-+\a\y\vS,\@T\0O {1\\\rH\\6 M:QN5SS\ܘ.3ZAi00	\\]oA\\(<QdH\S{\:XB*r)6ՐS\hf|\e\n]VEP\\E7\\f\\(\n$@i>=\;\B\2-kc\yLnXnh\X^̀-\I\i5H#G\\r,\$\\\]ѬZ\5LPYKWPfH\8\*{]O\Mxo\UW\\ЗiLMQ\0[/}\}UUrt45F^#\\ߏ?W\{ZQV2qn\\N3mal#yVa\\T?\\P\B*\un\r\\BzT\>X<!\>/?X\{\\0n,NZ\,\\\ǹ\0#\\\0͙TjB-6bN]\'/u#.\PLo\\~0\\LTؠ\|A\\\Zhf\'O#{X4w;<`6y\c_\"\~c1_[=,?V\\!\|C\[C9OBK7\C\0\I7ű\>L+\\rIӬLf1[ޞZE9p\@S	\n:^m\8(7\\n<:\Z\S\AWP\'\߼rUj\37Ң\Ÿ\:zYzT\\\(\\:I\Z68\/҆\3\l\\ZУ\0l@$J\5%\\Zt`C(\(x\n)\\\\n)\0&\0rI\'Q\'8\\n83uNR@\\L`E4,`	\'a\j\nN*cOy\UN)Uɒ*4\0T@\\0FZm\\:,\..A\\Ƽ/G-P\(}\O<\(\D}.sVEI$w8q]P\SB\X\׶\\ۊ\4\\kO =\\|\QupX6\i\Fі5M%7ih\e:mi\\\\\\\n\V8M\\rLO/D,p\HU\\'f\V\ð\ =?\шՙb\fwhp\\֛2,F^\#0\[}M\bR{1\mYA\T\\nƢ@i\[s|o+\juؚGX\P\r\\3}\0\t\f9g<%\'\\?tΓ7\\"2k:ĝ%\>\5\>G<\	HaQj2Q[B{l,1\'$\\Jr!0(&:f9s+ i\\n\;I0cm\;EdO]lӦ#i`6oD\t\)\\\\0[Ѧ\2DWАE\Q\0L\_^;eQ.}7Ȝk\Z\92\`}jӇ΋t\0!\S\*Ap\\<\0\\\TѪ)\"F\\\yS\r{S,jw\rʾG\\\\[%s\~{cG+V\	q\\\rʶK\\\Z\\L\IN\\0ո{\Q\yƯ\j4~Y0KJ\0pemSO\%pNժ\7ۇ(j\6\i\\\I\JniX\\'s\LXI~w\*\\c\e`Y\\\\N\\nk\ZL\,sD]ru12\e\vM_\ny|&Ҥj=\듶\\dFf\)cZgNT	g\t:ueW6@XRZu\\f5X\C\qEql|$d \c)\\$|RH$%9=MN3d\l\r(\"DP?W.\r\Z˪5F\۰݋\Z\Qo\m~V\0ZU3\M\\\8=Z\_@\CrK6\\S,\\0J\\"\\؋\B\\\\SdZJM\\Zoh>j2̝p$\)270O=\YB\d)/jX\nX\\0\\\\~/q\K\\8=zM$/(\\0s\\UM\'\O\r=\Z\mJ\neHe*VTɰǳ\2\P\\<\^,\;dc\\Z5ZU+f5EB^gB9!H\"{EOu\0E1,	\pw#\۟\\\\'\\_\r\)k\~1,\ُElcU\5?\$\'\8Ê\i-\^0Dω\\>pJ5W\eB4\\Q3&N\F\>\n\%:z>=I<x\o\rgEb׷+`gHή\0\\iu\m.WQNe\HKu8W3H]XX*7&g8\Q\FF`Rxx\nQ%U(\0]~\_\rЃH\#\N9\!LTrZ,\x\+u@$\1{D\UIJ=5pK4\\Ǌ/\WgjY:y70Ibg1j!4\Y{&H\\ \\r\r+\\(:\\0ML\0)Ow\ΖwFLd.i\\r\/\smZ\\0R Zn\\D\09\?\\\Ҧ\?>bU\@NTSd\\ZX\:\ޔ\_\J߆ocIOwT\\\q	\Ɂ\0+\җ\\\7\oC\\0h?޶|}-\\Z@\\0\j2K\\\\P1\\\\o{\0\\?8\rU\\\t\\0\Z[\n31bw\\\c__YRfߍ<<\\\\#>\gf\RmDR!4Ʀ\#Wolm\\\0F(\T\ͷՈt>Ν\\\\j4	`\'\\'ey\r\eQNx\#\a\\\S\c_!?Ы~|<f&\\e?-eWƢK\\\v]} D N\߾.)TLZ7c\)\5Z/Jخ\`\5}5)\L?&.\(7_Č\<ɻTt\\Y\ZE\j\'|NQX:O0[\0D\o|C\뚅Y\\\9r\c7T|	i3NWH*B	\:\*\Z,ۃi\ǆ9-JB\wa&gm\\'ZjJ\b5\'{o߻L\'.~񤡗n@\ZN\\ӆ#\\?Q\[\ѕc 4\"LF\zG7\FUhTy\L\3:|Gqv\Z\\o\\\h\-\O\\\t\-Qwo\\\\7u]%Li. A\"\ܙ\\ȡR	Dtf\}j\t}_,\\sn\M\<@$q˺0HUd\Ad@YnmDp\\M_Qp\Ӡ\)(\:\32\\\1\mW r\j\rk,X[ȉt\;g2\"J͓`p\Wu߰{Mf\\֦ԀDXEa\\8O\]-OM33#x\ϴj\g\0=Gxbx~XˀR`*y}n)X7\f\\\-EǏ<l:4흾C`z/\5;\Z\ymRmOl\[`gi~Y\\!\\noϳm\0\\\\g\\\?0h~\ౡmcΤ_\\7\x;\v|)o\~Wb ~\\6\\@[\0\-Y<+R\Z\0^\nA6\8\\'s.\з·\\q͑VOz\0:\\0w\\\w\\z4?\n\0?f#\8}\~0\Z{\kѷw\x;\vׁ\\e@NǪhm둋\'6+IƟ\@kaYis	[oTojp\Ճ-B\H4\j\\)u\n8ڀ^BZru9D\aNJTK/A3\0rݑ\g%)6\\>QYL[s!*\\\pEFjR\.`\amcx\[8ͭ*T;\0YI$ٰ\nQCJRT\gVZݞ[FRHFXA\t2H@S\⮣\1s\x`^^%?\I)BR$\\\g+\n\bi%m\; όF%P\զBN\n\\ݩ1\h&*1\6i,u.K2\\8i\\Z\XF\\rG89M\S\{\\"\\(գOIRF\\W:bE(\:\W@\p\\X\\\o\8\e\U\8Y\[E\j9a\0kوkT*HL	xPnޮ?0\\z\p$CE1\nl i\j!V\\˪wW\\F\\\\r\'b-cLm2	\\v\\\-FZ7\\'\(r\\\w=ϛ\\U\\Dh9͹o\\\΀$ؐ;\u(U\TxG\\l\D\z\,]X]\\\t\\0P8\\\V\'VҚ՘\A#`W\\#\\*}N,{@@{%lw\nC Ł\\\\,.5\'\Z\\\#\ M*)dIRiչ6\B?nlZl\֘@j?gSiF3{{q]Ӭմ/P2\\\0`\\\\g]aiV\RBj\l\"\lpY#M&%6q\\\Z\_5X!iv\ތ\\k{0_84\РkQU\\y\vqgK\|\\(V\&\!bcP\Z9U4y\Uh\W\Zh\c*g*fjHT\\Dl,!M\y^\)U*VH;	mi\q&M?G\{\\mP\\t;>[:\7Mj\9` 3O}x\\\y\nUFpvwkL\P\ļ\0\\zALI1{\=^\FVXX\3\'G,g4jjΗe\V.n\C\h\Įe\\Щ\lڄ0BVIa\rq\|1\p\\-C\\t\۲3\I#W\@=`t1^\\+:K\̷dW:\&\s\Z*Tb\\NӂU:\ntbA\tV\zB\Z\ZH!\nILˢz\\Z)fQ @D\o<bzY\\ϥ\\E>>\(e3j3\Jg\AI\	z\)ֽJ#M\'i{3x\lw\Sk\0\n\25\|3U\g\#8\@XF\'k\EW2Pe\ZA#c;2#vh DyJ\4te\_U\j5B*.I iS\\F#-qZ\\\}n|e]B\QYL_\0	\RX\586 \\\>8ӫ\݂T2`r\\k/\\Z(rhh\R\H&s2$\1\Z\\ 4*A7F\\V;Վ\\¤/a)*UkK\QWT\\nj+\\\!r\\ƥ\0]\\\\Վ\\ǝRv:c=\|\o\q\r(\\A\\Z=\'jT\\!f@\ihH\\ԯ\\\W\p\~o\A?\0EJj\Xi	-q\[N8djU\R\\H듋_=\(/\\o\\r\qZKQj\ՖX]R\'ч#\L4f~/§p\_\_p\y|Ok#S\\ZL̽FNjn%0AG<$\7zd\5_0ϦFܴ;}+\\\1l!}\\\9{no\\nk\2-T(\0nN`54\wk\Lأ\?\8\>B3͓\/`d\.\n0z5+S\|\\\?\c\A\W\'\_p\y|\rc\\s\\@߮]7\g\!q7\Y~l!}\\\W\1ՏY;R\s(h55Ĩ=\ r\B\lCbڀ0\g{\\\\䯸c:+\Ơ\\wh\'[\dj}\9\r\ڄz͎;\\\5g\֤/>عz+\_=\!\)g\\he##&\'\Zz0#َ-Ԋ\\4:\t\"w\\\ԯ\\gT\ݎ\\\V˾^*z\rd$S,SI.`j$\\'\R\ڈr\0ӴM\~\\݌\;G$c)w-<\Xn̓# w.O\\C\Z \H;@1 .\1\\0RΜv\+NԷX侃*=3Oe zQTs\\1eT\','2018-11-27 17:42:52',1,NULL);
/*!40000 ALTER TABLE `product` ENABLE KEYS */;
UNLOCK TABLES;

--
-- Table structure for table `productcategory`
--

DROP TABLE IF EXISTS `productcategory`;
/*!40101 SET @saved_cs_client     = @@character_set_client */;
 SET character_set_client = utf8mb4 ;
CREATE TABLE `productcategory` (
  `id` int(11) NOT NULL AUTO_INCREMENT,
  `category_id` int(11) DEFAULT NULL,
  `product_id` int(11) DEFAULT NULL,
  PRIMARY KEY (`id`),
  KEY `FK57pn0l6upq7ymkg7rntbyh37q` (`category_id`),
  KEY `FKlgyspurhub4g1vu51r1i43wi9` (`product_id`),
  CONSTRAINT `FK57pn0l6upq7ymkg7rntbyh37q` FOREIGN KEY (`category_id`) REFERENCES `category` (`id`),
  CONSTRAINT `FKlgyspurhub4g1vu51r1i43wi9` FOREIGN KEY (`product_id`) REFERENCES `product` (`id`)
) ENGINE=InnoDB AUTO_INCREMENT=28 DEFAULT CHARSET=utf8 COLLATE=utf8_polish_ci;
/*!40101 SET character_set_client = @saved_cs_client */;

--
-- Dumping data for table `productcategory`
--

LOCK TABLES `productcategory` WRITE;
/*!40000 ALTER TABLE `productcategory` DISABLE KEYS */;
INSERT INTO `productcategory` VALUES (13,27,45),(14,26,46),(15,24,47),(16,25,48),(17,25,49),(18,29,49),(19,26,50),(20,28,50),(21,27,51),(22,30,51),(23,24,52),(24,31,52),(25,24,53),(26,31,53),(27,24,54);
/*!40000 ALTER TABLE `productcategory` ENABLE KEYS */;
UNLOCK TABLES;

--
-- Table structure for table `role`
--

DROP TABLE IF EXISTS `role`;
/*!40101 SET @saved_cs_client     = @@character_set_client */;
 SET character_set_client = utf8mb4 ;
CREATE TABLE `role` (
  `id` int(11) NOT NULL AUTO_INCREMENT,
  `roleName` varchar(255) COLLATE utf8_polish_ci DEFAULT NULL,
  PRIMARY KEY (`id`)
) ENGINE=InnoDB AUTO_INCREMENT=4 DEFAULT CHARSET=utf8 COLLATE=utf8_polish_ci;
/*!40101 SET character_set_client = @saved_cs_client */;

--
-- Dumping data for table `role`
--

LOCK TABLES `role` WRITE;
/*!40000 ALTER TABLE `role` DISABLE KEYS */;
INSERT INTO `role` VALUES (1,'admin'),(2,'customer'),(3,'operator');
/*!40000 ALTER TABLE `role` ENABLE KEYS */;
UNLOCK TABLES;

--
-- Table structure for table `transaction`
--

DROP TABLE IF EXISTS `transaction`;
/*!40101 SET @saved_cs_client     = @@character_set_client */;
 SET character_set_client = utf8mb4 ;
CREATE TABLE `transaction` (
  `id` int(11) NOT NULL AUTO_INCREMENT,
  `quantity` int(11) NOT NULL,
  `customer_id` int(11) DEFAULT NULL,
  `product_id` int(11) DEFAULT NULL,
  `dateTime` datetime DEFAULT NULL,
  PRIMARY KEY (`id`),
  KEY `FKc3nqxp1ym216vsyi7wmdybinr` (`customer_id`),
  KEY `FKkc4q5dlcp0gukle6isc5o1tji` (`product_id`),
  CONSTRAINT `FKc3nqxp1ym216vsyi7wmdybinr` FOREIGN KEY (`customer_id`) REFERENCES `customer` (`id`),
  CONSTRAINT `FKkc4q5dlcp0gukle6isc5o1tji` FOREIGN KEY (`product_id`) REFERENCES `product` (`id`)
) ENGINE=InnoDB AUTO_INCREMENT=23 DEFAULT CHARSET=utf8 COLLATE=utf8_polish_ci;
/*!40101 SET character_set_client = @saved_cs_client */;

--
-- Dumping data for table `transaction`
--

LOCK TABLES `transaction` WRITE;
/*!40000 ALTER TABLE `transaction` DISABLE KEYS */;
INSERT INTO `transaction` VALUES (12,1,2,47,'2018-12-05 18:59:22'),(13,3,2,50,'2018-12-05 18:59:22'),(14,3,2,53,'2018-12-05 18:59:22'),(15,1,3,50,'2018-12-05 19:04:01'),(16,3,3,46,'2018-12-05 19:04:01'),(17,2,3,51,'2018-12-05 19:04:02'),(18,1,3,50,'2018-12-05 19:18:24'),(19,1,3,46,'2018-12-05 19:18:24'),(20,3,3,45,'2018-12-05 19:18:24'),(21,2,3,52,'2018-12-05 19:18:24'),(22,1,1,49,'2018-12-05 19:19:33');
/*!40000 ALTER TABLE `transaction` ENABLE KEYS */;
UNLOCK TABLES;

--
-- Table structure for table `user`
--

DROP TABLE IF EXISTS `user`;
/*!40101 SET @saved_cs_client     = @@character_set_client */;
 SET character_set_client = utf8mb4 ;
CREATE TABLE `user` (
  `id` int(11) NOT NULL AUTO_INCREMENT,
  `active` bit(1) NOT NULL,
  `login` varchar(255) COLLATE utf8_polish_ci DEFAULT NULL,
  `password` varchar(255) COLLATE utf8_polish_ci DEFAULT NULL,
  PRIMARY KEY (`id`)
) ENGINE=InnoDB AUTO_INCREMENT=17 DEFAULT CHARSET=utf8 COLLATE=utf8_polish_ci;
/*!40101 SET character_set_client = @saved_cs_client */;

--
-- Dumping data for table `user`
--

LOCK TABLES `user` WRITE;
/*!40000 ALTER TABLE `user` DISABLE KEYS */;
INSERT INTO `user` VALUES (1,_binary '','enowak','c2d61b8162cf4b059f888e097673fc7'),(2,_binary '','admin1','dcca2ed163582435afa9d42ce361eb4'),(3,_binary '','operator1','d8ddbfe9417ef7d2c0f3e69413dc323e'),(4,_binary '','operator2','1b73da48ed7f4ef541b624618660a1'),(5,_binary '','operator3','51950a9c6eeab47821b86222829514'),(6,_binary '','customer1','96be325cf35649f073df921686aae2c'),(7,_binary '','customer2','9d857b2247ef05025df1117d0adc8c2'),(8,_binary '','customer3','33e2b9541f4eb88834a364e95ae24fd'),(9,_binary '','admin2','958821297f6ffda49ae314467b9733c2');
/*!40000 ALTER TABLE `user` ENABLE KEYS */;
UNLOCK TABLES;

--
-- Table structure for table `userrole`
--

DROP TABLE IF EXISTS `userrole`;
/*!40101 SET @saved_cs_client     = @@character_set_client */;
 SET character_set_client = utf8mb4 ;
CREATE TABLE `userrole` (
  `id` int(11) NOT NULL AUTO_INCREMENT,
  `role_id` int(11) DEFAULT NULL,
  `user_id` int(11) DEFAULT NULL,
  PRIMARY KEY (`id`),
  KEY `FKdm5xsn0ukwtm6eibbore303y0` (`role_id`),
  KEY `FKy78f1yo9p519culm4xx5bb3t` (`user_id`),
  CONSTRAINT `FKdm5xsn0ukwtm6eibbore303y0` FOREIGN KEY (`role_id`) REFERENCES `role` (`id`),
  CONSTRAINT `FKy78f1yo9p519culm4xx5bb3t` FOREIGN KEY (`user_id`) REFERENCES `user` (`id`)
) ENGINE=InnoDB AUTO_INCREMENT=10 DEFAULT CHARSET=utf8 COLLATE=utf8_polish_ci;
/*!40101 SET character_set_client = @saved_cs_client */;

--
-- Dumping data for table `userrole`
--

LOCK TABLES `userrole` WRITE;
/*!40000 ALTER TABLE `userrole` DISABLE KEYS */;
INSERT INTO `userrole` VALUES (1,2,1),(2,1,2),(3,3,3),(4,3,4),(5,3,5),(6,2,6),(7,2,7),(8,2,8),(9,1,9);
/*!40000 ALTER TABLE `userrole` ENABLE KEYS */;
UNLOCK TABLES;

--
-- Dumping routines for database 'shopapp'
--
/*!40103 SET TIME_ZONE=@OLD_TIME_ZONE */;

/*!40101 SET SQL_MODE=@OLD_SQL_MODE */;
/*!40014 SET FOREIGN_KEY_CHECKS=@OLD_FOREIGN_KEY_CHECKS */;
/*!40014 SET UNIQUE_CHECKS=@OLD_UNIQUE_CHECKS */;
/*!40101 SET CHARACTER_SET_CLIENT=@OLD_CHARACTER_SET_CLIENT */;
/*!40101 SET CHARACTER_SET_RESULTS=@OLD_CHARACTER_SET_RESULTS */;
/*!40101 SET COLLATION_CONNECTION=@OLD_COLLATION_CONNECTION */;
/*!40111 SET SQL_NOTES=@OLD_SQL_NOTES */;

-- Dump completed on 2018-12-09 19:14:26
